NAME,RSTK__PAGEKEY__C,OLD_RSTK__HELPURL1__C,RSTK__HELPURL1__C
AP1099,AP1099,1099-Generate-and-Print-User-Guide,kA01O000000oh95
ap1099__c,ap1099__c,List,kA01O000000oh4e
apagingreport,apagingreport,AP-Aging-Report,kA01O000000ogRb
apapplic__c,apapplic__c,Payable-Application-Transaction-Query,kA01O000000oh4Z
APBatchTransfer,APBatchTransfer,Post-by-Session,kA01O000000ogRr
apcntl__c,apcntl__c,AP-Control,kA01O000000ogRg
APGroupTransfer,APGroupTransfer,Post-by-Transaction,kA01O000000ogRq
apinvh__c,apinvh__c,Payable-Session,kA01O000000ogSF
apinvtxn__c,apinvtxn__c,Payable-Transaction,kA01O000000ogSd
APProcess,APProcess,Change-Payment-Method,kA01O000000ogSC
apVoucherReport,apVoucherReport,Payable-Edit-List,kA01O000000ogRs
apwht__c,apwht__c,Defining-Withholding-Tax-WHT-Classes,kA01O000000ogyW
aragingreport,aragingreport,AR-Aging-Report,kA01O000000ogSi
arcashh__c,arcashh__c,Cash-Receipts-Winter-19,kA01O000000ogel
arcashh2,arcashh2,Cash-Receipts-Winter-19,kA01O000000ogel
arcntl__c,arcntl__c,AR-Control,kA01O000000ogS3
ardebitcreditmemoregister,ardebitcreditmemoregister,AR-Debit-Credit-Memo-Register,kA01O000000ogRk
arinvh__c,arinvh__c,Receivable-Session,kA01O000000ogSH
arinvoiceandmassreview,arinvoiceandmassreview,AR-Invoice-and-Memo-Review-and-Mass-Post,kA01O000000ogS2
arinvtxn__c,arinvtxn__c,Receivable-Transaction,kA01O000000ogSL
ARNonCashTransfer,ARNonCashTransfer,AR-Non-Cash-Transfers,kA01O000000ogRy
arsalesinvoicereview,arsalesinvoicereview,Sales-Invoice-Review-and-Mass-Post,kA01O000000ogSg
arstatandfincharges,arstatandfincharges,Customer-Statements-and-Finance-Charges,kA01O000000ogSo
bomcopy,bomcopy,Engineering-BOM-Copy,kA01O000000ogqw
bommassadd,bommassadd,Engineering-BOM-Mass-Add,kA01O000000ogqm
buildgltxnplrate,buildgltxnplrate,Translate-Data-into-Parent-Company-Currency,kA01O000000oh4F
c2g__codageneralledgeraccount__c,c2g__codageneralledgeraccount__c,GL-Accounts-Chart-of-Accounts,kA01O000000ogSD
calculateABCcodes,calculateABCcodes,Calculate-ABC-Codes,kA01O000000hP5P
cashreceiptsjournal,cashreceiptsjournal,Cash-Receipts-Journal,kA01O000000ogSh
CashReqirementsReport,CashReqirementsReport,Cash-Requirements-Report,kA01O000000ogRx
ChkRegisterSinglePaymentBatch,ChkRegisterSinglePaymentBatch,Check-Register-for-Single-Payment-Session,kA01O000000ogSR
ClockOffOfJob,ClockOffOfJob,Clock-On-and-Clock-Off,kA01O000000ogni
clockonandoff,clockonandoff,Clock-On-and-Clock-Off,kA01O000000ogni
ClockOnToJob,ClockOnToJob,Clock-On-and-Clock-Off,kA01O000000ogni
clonechartofaccounts,clonechartofaccounts,Clone-Chart-of-Accounts,kA01O000000hOlA
confcomp__c,confcomp__c,Configuration-Selection-Component,kA01O000000ogxx
confexcl__c,confexcl__c,Configuration-Selection-Exclusions-Requirements-Recommendations,kA01O000000ogy7
confgroup__c,confgroup__c,Configuration-Group,kA01O000000ogOz
confrec__c,confrec__c,Configuration-Selection-Exclusions-Requirements-Recommendations,kA01O000000ogy7
confreq__c,confreq__c,Configuration-Selection-Exclusions-Requirements-Recommendations,kA01O000000ogy7
confsel__c,confsel__c,Configuration-Selection,kA01O000000ogP4
confsess__c,confsess__c,Product-Configurator-Overview-and-Terminology,kA01O000000ogwk
crato__c,crato__c,Cash-Receipts-Journal,kA01O000000ogSh
createpackingslip,createpackingslip,Transfer-Request-Packing-Slip,kA01O000000ogLn
createplannedtransferpicklist,createplannedtransferpicklist,Planned-Transfer-Picklist,kA01O000000oh5D
csacctcntl__c,csacctcntl__c,Cost-Accounting-Control-Record,kA01O000000ogNj
csttransqry,csttransqry,Cost-Transaction-Query,kA01O000000ogx9
csusracctcntl__c,csusracctcntl__c,Cost-Accounting-User-Control-Record,kA01O000000ohDb
CycleCountReport,CycleCountReport,Cycle-Count-Report,kA01O000000ogbN
drplog__c,drplog__c,DRP-Log,kA01O000000hOlF
dwocst,dwocst,Disassembly-Work-Orders,kA01O000000ogWh
employee__c,employee__c,Employees,kA01O000000ogNt
fastforecastentry,fastforecastentry,Forecast-Fast-Entry,kA01O000000ogOL
featcat__c,featcat__c,Features-Features,kA01O000000ogbV
finstmttmpltest,finstmttmpltest,Test-Report-Templates-for-Completeness,kA01O000000ohD2
generaterecurringbillingexecution,generaterecurringbillingexecution,Generate-Recurring-Billing,kA01O000000ogO5
glacct__c,glacct__c,GL-Accounts-Chart-of-Accounts,kA01O000000ogSD
glapcc__c,glapcc__c,Credit-Card-Account,kA01O000000ogRT
glaybud__c,glaybud__c,Financial-Budget,kA01O000000ogRQ
glbankacct__c,glbankacct__c,Bank-Account,kA01O000000ogRj
GlbankacctReconcile,GlbankacctReconcile,Bank-Reconciliation,kA01O000000oh3z
glcloseProcessor,glcloseProcessor,Period-Close,kA01O000000oh4I
glcmp__c,glcmp__c,Financial-Company-Master,kA01O000000ogSP
gldiv__c,gldiv__c,Financial-Division-Master,kA01O000000ogRW
glfstmplt1__c,glfstmplt1__c,Define-Financial-Statement-Templates,kA01O000000ogSf
glfstmplt6,glfstmplt6,External-Data-for-Financial-Reports-Entry-Maint,kA01O000000oh3w
glfstmplt7,glfstmplt7,Reporting-Account-Group-Entry-Maintenance,kA01O000000hOrh
gljd__c,gljd__c,General-Journal-Header,kA01O000000ogND
gljed__c,gljed__c,General-Journal-Details,kA01O000000ohVe
gljeh__c,gljeh__c,General-Journal-Header,kA01O000000ogND
gljestdid__c,gljestdid__c,Journal-Entry-Standard-ID,kA01O000000ogRa
gljetemplth__c,gljetemplth__c,Journal-Entry-Templates,kA01O000000ogSI
gljh__c,gljh__c,General-Journal-Entries,kA01O000000ogSb
gljhListView,gljhListView,General-Journal-Workbench,kA01O000000ogSQ
gljhprint,gljhprint,Print-General-Journal-Entries,kA01O000000oheH
glproj__c,glproj__c,Financial-Project-Master,kA01O000000ogRX
glrsn__c,glrsn__c,Reason-Codes,kA01O000000ogRe
glStmtListView,glStmtListView,Adjusting-Statement-Entries,kA01O000000oh40
gltxn__c,gltxn__c,GL-Transactions,kA01O000000ogSe
gltxndimconsolidate,gltxndimconsolidate,GLTXNDIM-Consolidation,kA01O000000ohkA
gltxnInquiry,gltxnInquiry,GL-Transaction-Inquiry,kA01O000000ogRY
gltxnsummary,gltxnsummary,Create-Transaction-Summary,kA01O000000hOrc
gltype,gltype,GL-Type,kA01O000000hOle
glusr__c,glusr__c,Financial-System-User,kA01O000000ogRP
glusrcmp__c,glusrcmp__c,Financial-System-User-Company,kA01O000000ogRV
glyear__c,glyear__c,Fiscal-Year,kA01O000000ogSA
ibconttype__c,ibconttype__c,Inbound-Shipment-Container-Type,kA01O000000oglS
ibroute__c,ibroute__c,Inbound-Shipment-Route,kA01O000000ogjW
ibrtetype__c,ibrtetype__c,Inbound-Shipment-Route-Type,kA01O000000ogjM
ibship__c,ibship__c,Inbound-Shipment-New-draft,kA01O000000oglN
ibshipcont__c,ibshipcont__c,Inbound-Shipment-Container-Type,kA01O000000oglS
iccomcod__c,iccomcod__c,Inventory-Commodity-Code,kA01O000000ogPi
icdhr__c,icdhr__c,Device-History-Record,kA01O000000ohjb
icfcstdmd__c,icfcstdmd__c,Forecast-Demand,kA01O000000ogOP
icinvrecon__c,icinvrecon__c,Inventory-Reconciliation,kA01O000000ogOk
icinvreconb__c,icinvreconb__c,Inventory-Reconciliation-Review-and-Processing,kA01O000000ogOu
icitem__c,icitem__c,Inventory-Item-Master,kA01O000000og83
icitemacc__c,icitemacc__c,Inventory-Item-Accounts,kA01O000000ogss
icitemcst__c,icitemcst__c,Inventory-Item-Average-Cost-Quantity,kA01O000000ogOV
icitemfifoseq__c,icitemfifoseq__c,FIFO-Cost-Record,kA01O000000ogOO
icitemlot__c,icitemlot__c,Inventory-By-Lot-Number,kA01O000000oh3i
icitemproj__c,icitemproj__c,Inventory-by-Item-Project,kA01O000000ogHw
icitemsiteproj__c,icitemsiteproj__c,Inventory-By-Item-Site-Project,kA01O000000ohP2
icitemsrl__c,icitemsrl__c,Inventory-by-Serial-Number,kA01O000000ogOc
icitemstd__c,icitemstd__c,Inventory-Item-Standard-Costs,kA01O000000ogOW
icitmusag__c,icitmusag__c,Item-Usage-History,kA01O000000oh03
icixr__c,icixr__c,Requirements-ICIXR,kA01O000000hOlK
icjobcode__c,icjobcode__c,Job-Code-Maintenance,kA01O000000ogbB
iclocitem__c,iclocitem__c,Inventory-by-Location,kA01O000000ogHr
icmrprsch,icmrprsch,MRP-Action-Message-Search,kA01O000000ogN1
icreplenish__c,icreplenish__c,DRP-Location-Replenishment-Maintenance,kA01O000000ogrB
icreplenishprocessrequest,icreplenishprocessrequest,DRP-Processing,kA01O000000ogaP
icreq__c,icreq__c,Inventory-Requisitions,kA01O000000ogmG
icreqfirm,icreqfirm,Inventory-Requisition-Workbench,kA01O000000ogmQ
icshrtlist,icshrtlist,Shortage-Report,kA01O000000oh1Q
icsrllink__c,icsrllink__c,Item-Serial-Manual-Link,kA01O000000ogO7
ictransreq__c,ictransreq__c,Planned-Location-Transfer-Maintenance,kA01O000000oh58
ictransreqlist,ictransreqlist,Planned-Location-Transfer-Query,kA01O000000ogNG
indentedbom2,indentedbom2,Indented-BOM,kA01O000000ogOM
indentedbom2_costedbom,indentedbom2_costedbom,Costed-BOM,kA01O000000oh2J
InitializeCompAndUsrs,InitializeCompAndUsrs,Initialize-Companies-and-Users,kA01O000000ogSJ
inspord,inspord,Inspection-Order,kA01O000000ogbd
inspord__c,inspord__c,Inspection-Order,kA01O000000ogbd
insptempl,insptempl,Inspection-Order-Template,kA01O000000ohDH
insptempl__c,insptempl__c,Inspection-Order-Template,kA01O000000ohDH
inventoryvaluationbydate,inventoryvaluationbydate,Inventory-Valuation-by-Date,kA01O000000ogbT
invoiceshippersindiv,invoiceshippersindiv,Create-Invoice-for-All-Shippers,kA01O000000oh4y
invreconcautogen,invreconcautogen,Inventory-Reconciliation-Automatic-Generation,kA01O000000ohcB
laborclockinout,laborclockinout,Time-and-Qty-Booking,kA01O000000ogoH
laborqtybookingreversal,laborqtybookingreversal,Time-and-Qty-Booking-Reversal,kA01O000000ognO
labreason__c,labreason__c,Labor-Reasons,kA01O000000ogac
lwocst__c,lwocst__c,Labor-Only-Work-Orders,kA01O000000ogWd
menu__c,menu__c,Menu,kA01O000000hOlo
MonthlyCheckRegister,MonthlyCheckRegister,Check-Register-by-Period,kA01O000000ogRR
mrp,mrp,MRP-Launch-new-format,kA01O000000ogjC
netchange__c,netchange__c,MRP-DRP-Net-Change,kA01O000000ogid
objpagesetup__c,objpagesetup__c,Object-Page-Setup-Override,kA01O000000ogN3
obship__c,obship__c,Outbound-Shipment,kA01O000000hOmD
obshipcont__c,obshipcont__c,Outbound-Shipment-Container,kA01O000000hOmI
OpenItemApplication,OpenItemApplication,Open-Item-Application,kA01O000000ogRp
openpobarcode,openpobarcode,Open-Purchase-Order-Lines-with-Bar-Code,kA01O000000oghp
paysession__c,paysession__c,Payment-Selection,kA01O000000oh2d
pebom__c,pebom__c,Engineering-BOM-Master,kA01O000000ogr6
pebomqry,pebomqry,Engineering-BOM-Query-Edit,kA01O000000ogOT
pebomreplace,pebomreplace,Engineering-BOM-Mass-Replace,kA01O000000ogNr
pecoh__c,pecoh__c,ECO-Master-Concept-ECO-and-Processing,kA01O000000ogq8
pecor__c,pecor__c,ECO-Reasons,kA01O000000ogq3
pedisadd__c,pedisadd__c,Consumable-Components,kA01O000000ognJ
peitem__c,peitem__c,Engineering-Item-Master,kA01O000000ogPY
peitemrev__c,peitemrev__c,Engineering-Revisions,kA01O000000ogr1
periodAndJEChecklistProcess,periodAndJEChecklistProcess,Convert-JE-Templates-to-JEs-for-a-Period,kA01O000000ogSW
PeriodicPaymentRegister,PeriodicPaymentRegister,All-Payment-Types-Register,kA01O000000ogSE
pjproj__c,pjproj__c,Project-Master,kA01O000000ogLA
pjprojcst__c,pjprojcst__c,Project-Budget-Cost,kA01O000000ogLC
pjprojwbs__c,pjprojwbs__c,Project-Charge-Codes,kA01O000000ogbo
pjstatus__c,pjstatus__c,Project-Status,kA01O000000ogsi
pjwkb__c,pjwkb__c,Project-Workbench,kA01O000000ogQC
poagh__c,poagh__c,Purchase-Order-Agreement,kA01O000000ogjv
POagreement,POagreement,Purchase-Order-Agreement,kA01O000000ogjv
poapmatch,poapmatch,PO-AP-Match,kA01O000000ogoM
pocntl__c,pocntl__c,PO-Control-Record,kA01O000000ogMX
pocomcod__c,pocomcod__c,Purchase-Order-Commodity-Code,kA01O000000oggm
poconttype__c,poconttype__c,Container-Type,kA01O000000ogNn
podmd__c,podmd__c,Subcontract-Purchase-Order-Component-Demand-Processing,kA01O000000ogfP
pohdr__c,pohdr__c,Purchase-Order-Overview,kA01O000000ogXV
poissue,poissue,Subcontract-Purchase-Order-Component-Issue,kA01O000000ogmV
poissuer,poissuer,Subcontract-Purchase-Order-Issue-Reversal,kA01O000000ogmL
poitem__c,poitem__c,Purchase-Item-Master,kA01O000000ogLB
poitemcst__c,poitemcst__c,Purchase-Item-Cost,kA01O000000oh1B
poitemvend__c,poitemvend__c,Item-Vendor-Master,kA01O000000ogNC
poline__c,poline__c,Purchase-Order-Line,kA01O000000ogh1
poloader__c,poloader__c,POLOADER,kA01O000000ogMl
popurge,popurge,Purchase-Order-Purge,kA01O000000ogkK
porcptap__c,porcptap__c,PO-Receipt-Transactions,kA01O000000ohYT
poreceipt,poreceipt,Purchase-Order-Receipts,kA01O000000ogZv
poreceiptr,poreceiptr,Purchase-Order-Receipt-Reversals,kA01O000000oga0
poreq__c,poreq__c,Purchase-Requisition,kA01O000000ogLI
poroute__c,poroute__c,Inbound-Route,ka01O000000oogy
portetype__c,portetype__c,Inbound-Shipment-Route-Type,kA01O000000ogjM
poship__c,poship__c,Inbound-Shipment-New-draft,kA01O000000oglN
postingsSummaryReport,postingsSummaryReport,Postings-Summary-Report,kA01O000000ogRZ
povclass__c,povclass__c,Vendor-Class,kA01O000000ogLh
povclasscmpno__c,povclasscmpno__c,Vendor-Class-Company,kA01O000000ogRh
povend__c,povend__c,Vendor-Master,kA01O000000ogcV
povendcmpno__c,povendcmpno__c,Vendor-Company,kA01O000000ogRd
printtemplatemapping__c,printtemplatemapping__c,Print-Template,kA01O000000ogoC
processlog__c,processlog__c,Process-Log,kA01O000000e5DM
purchordauth,purchordauth,PO-Authorization,kA01O000000ogMc
purgecosttransaction,purgecosttransaction,Purge-Cost-Transactions,kA01O000000ogLF
purgesalesorders,purgesalesorders,Sales-Order-Purge,kA01O000000ogkU
purgesystemtransactions,purgesystemtransactions,Purge-System-Transactions,kA01O000000oh0r
PurgeWorkOrders,PurgeWorkOrders,Work-Order-Purge,kA01O000000ogkP
qbexportverify,qbexportverify,QuickBooks-Cost-Transaction-Export-Verification,kA01O000000ohYn
qbpayableinvoiceexport,qbpayableinvoiceexport,Payable-Invoice-Export-QuickBooks,kA01O000000ogKC
qbsoinvoiceexport,qbsoinvoiceexport,QuickBooks-Sales-Invoice-Export,kA01O000000ohYi
qbsytxncstexport,qbsytxncstexport,Quickbooks-Cost-Transaction-Export,kA01O000000ohUW
quickCashReceipts,quickCashReceipts,Quick-Cash-Receipts-User-Guide,kA01O000000ogRc
reqstopos ,reqstopos ,Inventory-Requisition-Workbench,kA01O000000ogmQ
rs_drplog,rs_drplog,DRP-Log,kA01O000000hOlF
rs_icitemsiteproj,rs_icitemsiteproj,Inventory-By-Item-Site-Project,kA01O000000ohP2
rs_icixr,rs_icixr,Requirements-ICIXR,kA01O000000hOlK
rs_iclocitemqtyveri,rs_iclocitemqtyveri,Qty-Reconcile,kA01O000000hOlj
rs_joblog,rs_joblog,Requirements-ICIXR,kA01O000000hOlK
rs_menu,rs_menu,Menu,kA01O000000hOlo
rs_objpagesetup,rs_objpagesetup,Object-Page-Setup-Override,kA01O000000ogN3
rs_podmd,rs_podmd,Subcontract-Purchase-Order-Component-Demand-Processing,kA01O000000ogfP
rs_porcptap,rs_porcptap,Purchase-Order-Receipts,kA01O000000ogZv
rs_socontract,rs_socontract,Sales-Contracts-Overview,kA01O000000ohi4
rs_soline,rs_soline,Sales-Order-Line,kA01O000000oh1u
rs_ttaphdr,rs_ttaphdr,Payable-Batch-Header,kA01O000000ogjR
rtdept__c,rtdept__c,Manufacturing-Department,kA01O000000ogWy
rtindoper__c,rtindoper__c,Independent-Operations,kA01O000000ogqh
rtlabgrd__c,rtlabgrd__c,Manufacturing-Labor-Grades,kA01O000000ogN9
rtmach__c,rtmach__c,Manufacturing-Machine-Master,kA01O000000ogNA
rtproc__c,rtproc__c,Manufacturing-Processes,kA01O000000ogN5
rtrouthdr__c,rtrouthdr__c,Routing-Master,kA01O000000ogLL
rtroutoper__c,rtroutoper__c,Routing-Operations,kA01O000000ogqX
rtwcgroup__c,rtwcgroup__c,Work-Center-Group,kA01O000000oh6f
rtwctr__c,rtwctr__c,Manufacturing-Work-Center,kA01O000000ogqc
salescommission,salescommission,Sales-Commission,kA01O000000oh29
salescontractdevdealmgmt,salescontractdevdealmgmt,Sales-Contract-Device-Deal-Management,kA01O000000ogb4
salescontractdevtransfer,salescontractdevtransfer,Sales-Contract-Device-Transfer,kA01O000000ogb3
Salesorder_isstandalone,sf_soentryhv,Sales-Orders-Entry-Overview,kA01O000000ogc0
Salesorder_isstandalone,soorddmd_c,Sales-Orders-Entry-Overview,
salesorderamortizationprocess,salesorderamortizationprocess,Sales-Order-Line-Amortization-Processing,kA01O000000ogsn
salesorderworkbench,salesorderworkbench,Sales-Order-Fulfillment,kA01O000000ogkt
sf_user,sf_user,Employees,kA01O000000ogNt
shopcal__c,shopcal__c,Shop-Calendar,kA01O000000ogM3
ShopFloorTimeEntryTrans,ShopFloorTimeEntryTrans,Shop-Floor-Time-Entry-Transactions,kA01O000000ohc1
soagh__c,soagh__c,Customer-Agreements,kA01O000000ogVT
soamort__c,soamort__c,Sales-Order-Line-Amortization-Schedule,kA01O000000ogsd
soapi__c,soapi__c,SOAPI,kA01O000000ogMB
sobol__c,sobol__c,Bill-of-Lading,kA01O000000ogKR
soccccd__c,soccccd__c,Customer-Class-Product-Group-Discounts,kA01O000000ogpo
socccd__c,socccd__c,Customer-Product-Group-Discounts,kA01O000000ogo7
socclass__c,socclass__c,Customer-Class,kA01O000000ogob
soccpd__c,soccpd__c,Customer-Class-Product-Discounts,kA01O000000ogpj
socntl__c,socntl__c,Sales-Order-Control,kA01O000000ogM2
socomm__c,socomm__c,Product-Groups,kA01O000000ogv3
socompp__c,socompp__c,Component-Price-Maint,kA01O000000ogNp
socondev__c,socondev__c,Covered-Devices-Covered-Serialized-Devices,kA01O000000hPCV
soconpbbatch__c,soconpbbatch__c,Recurring-Billing-Batch-Review,kA01O000000ohjW
soconpbill__c,soconpbill__c,Generate-Recurring-Billing,kA01O000000ogO5
socontainer__c,socontainer__c,SO-Container,kA01O000000oh2Y
socontract__c,socontract__c,Sales-Contract-Creation-and-Management,kA01O000000ohj2
socontype__c,socontype__c,Container-Type,kA01O000000ogNn
socreditrelease,socreditrelease,Credit-Release,kA01O000000ogNi
soctt__c,soctt__c,Contract-Terms-Template,kA01O000000ogNl
socust__c,socust__c,Customers,kA01O000000ogTr
socustcmpno__c,socustcmpno__c,Customer-Company,kA01O000000ogNu
socustgateway__c,socustgateway__c,Customer-Payment-Gateway,kA01O000000ohJF
socustmsa__c,socustmsa__c,Customer-MSA,kA01O000000ogNv
soentcal__c,soentcal__c,Product-Master-Entitlement-Detail-Tab,kA01O000000oh6a
sofrtcalc__c,sofrtcalc__c,Freight-Calculations,kA01O000000ogze
sogateway__c,sogateway__c,SO-Payment-Processing-Using-Service-Provider-Gateway,kA01O000000oh0w
sohdr__c,sohdr__c,Sales-Orders-Entry-Overview,kA01O000000hPFy
soibatch__c,soibatch__c,Sales-Invoice-Batch,kA01O000000ogQR
soinv__c,soinv__c,SO-Invoice-and-Credit-Memos,kA01O000000ogLr
soline__c,soline__c,Sales-Order-Line,kA01O000000oh1u
somsa__c,somsa__c,Master-Services-Agreement,kA01O000000ogN6
somsac__c,somsac__c,Template-MSA-Clause,kA01O000000hOrm
soorddmd__c,soorddmd__c,Sales-Entry,kA01O000000ogc0
sootype__c,sootype__c,Sales-Order-Type,kA01O000000ogM8
sopack__c,sopack__c,Packing-Slip,kA01O000000ogMz
sopbk__c,sopbk__c,Price-Books,kA01O000000ogMZ
sopc__c,sopc__c,Customer-Product,kA01O000000ogNw
sopickh__c,sopickh__c,SO-Picklist-Header,kA01O000000ogLp
soppy__c,soppy__c,SO-Prepayments,kA01O000000oh3e
sopreselection,sopreselection,Sales-Order-Fulfillment-Pre-Selection,kA01O000000ogl3
soprod__c,soprod__c,Products,kA01O000000ogk0
soreason__c,soreason__c,Sales-Order-Reason-Codes,kA01O000000ogzA
soregion__c,soregion__c,Sales-Region,kA01O000000ogzP
sormastat__c,sormastat__c,RMA-Status,kA01O000000ogzU
sormh__c,sormh__c,RMA-Overview,kA01O000000ogLK
sosales__c,sosales__c,Salesperson,kA01O000000ogzK
soservice__c,soservice__c,Service-Items,kA01O000000ogvm
soship__c,soship__c,SO-Shipper,kA01O000000oh2T
sotax__c,sotax__c,Tax-Locations,kA01O000000oh32
soustat__c,soustat__c,User-Status,kA01O000000ogLl
sowarr__c,sowarr__c,Shipped-Item-Warranty,kA01O000000ogM6
sowarrtype__c,sowarrtype__c,Warranty-Types,kA01O000000ogue
sozone__c,sozone__c,Shipping-Zone,kA01O000000ogM4
statementbuilder,statementbuilder,Perform-Financial-Report-Data-Roll-up,kA01O000000oh4K
statementmaint,statementmaint,Display-Print-Export-Purge-Financial-Reports,kA01O000000oh45
statementrun,statementrun,Prepare-Financial-Reports,kA01O000000oh44
stdsetcosts_costrollup,stdsetcosts_costrollup,Generate-Apply-Simulated-Rollup-Costs,kA01O000000oh0X
stdsetcosts_cssimstdmove,stdsetcosts_cssimstdmove,Set-Standard-Costs-from-Simulated,kA01O000000oh24
stdsetcosts_icsetmtlsimcost,stdsetcosts_icsetmtlsimcost,Set-Sim-Purchase-Price-From-PO-Derived-Costs,kA01O000000oh0D
stdsetcosts_posetmtlcost,stdsetcosts_posetmtlcost,Derive-Purchase-Mtl-Costs-from-PO-Activity,kA01O000000oh08
stocklocadd,stocklocadd,Inventory-Location-Add,kA01O000000oguy
stocklocadj2,stocklocadj2,Inventory-Location-Adjust,kA01O000000ogvh
stocklocadj2_inventoryunitcostadjust,stocklocadj2_inventoryunitcostadjust,Inventory-Unit-Cost-Adjust,kA01O000000ogvr
stocklocdivsitemove,stocklocdivsitemove,Division-to-Division-Transfer,kA01O000000ogz0
stocklocdivsitemove_invsitesite,stocklocdivsitemove_invsitesite,Site-to-Site-Transfer,kA01O000000ogM0
stocklocmove,stocklocmove,Location-to-Location-Transfer,kA01O000000ogNL
stocklocprojmove,stocklocprojmove,Project-to-Project-Transfer,kA01O000000ogz5
SupDmdDetRev,SupDmdDetRev,Detailed-Review-by-Item,kA01O000000ogrG
supDmdReqAnalysisAndRepair,rs_supDmdReqAnalysisAndRepair,ICIXR-Analysis-and-Repair,kA01O000000hOly
supdmdrev_detailbyitem,supdmdrev_detailbyitem,Detailed-Review-by-Item,kA01O000000ogrG
supdmdrev_summbyitem,supdmdrev_summbyitem,Summary-Review-by-Item,kA01O000000ogqI
SupDmdSumRev,SupDmdSumRev,Summary-Review-by-Item,kA01O000000ogqI
syacc__c,syacc__c,Sub-Ledger-Accounts-Pt-1,kA01O000000oh37
syapcntl__c,syapcntl__c,PO-AP-Control,kA01O000000oghB
syauth__c,syauth__c,Authorizers,kA01O000000ogK7
sycarrier__c,sycarrier__c,Carriers,kA01O000000ogoW
sycmp__c,sycmp__c,Company-Master,kA01O000000ogOK
syconfig__c,syconfig__c,Rootstock-System-Configuration,kA01O000000ogLU
sycountry__c,sycountry__c,Country-Master,kA01O000000hOg5
sycurr__c,sycurr__c,Currency-Master,kA01O000000ogNq
sycustom__c,sycustom__c,System-Custom-Configuration,kA01O000000ogLt
sydata__c,sydata__c,SYDATA-Overview,kA01O000000hOlP
sydatad__c,sydatad__c,SYDATA-Overview,kA01O000000hOlP
sydatat__c,sydatat__c,SYDATA-Overview,kA01O000000hOlP
sydefault__c,sydefault__c,System-Defaults-v2,kA01O000000ogky
sydimovr__c,sydimovr__c,Dimension-Source-Override,kA01O000000ogNs
sydiv__c,sydiv__c,Division-Master,kA01O000000ogOj
sydivaddr__c,sydivaddr__c,Division-Address,kA01O000000ogNz
syfob__c,syfob__c,FOB-Codes,kA01O000000ogOS
syforexschedno__c,syforexschedno__c,Foreign-Exchange-Rate-Schedule,kA01O000000ogRS
syfrghtrm__c,syfrghtrm__c,Freight-Terms,kA01O000000ogNx
sylimitd,sylimitd,SYLIMITS-SYLIMITS,kA01O000000ogbX
sylimits,sylimits,SYLIMITS-SYLIMITS,kA01O000000ogbX
sylocid__c,sylocid__c,Inventory-Location-IDs,kA01O000000ogrp
sylocnum__c,sylocnum__c,Inventory-Location-Numbers,kA01O000000ogOQ
syodc__c,syodc__c,ODC-Code-Maintenance,kA01O000000ogN2
syordnumassign__c,syordnumassign__c,Order-Number-Assign,kA01O000000ogMv
syorg__c,syorg__c,Organizational-Depts,kA01O000000ogwG
syprinter__c,syprinter__c,Print-by-Email-Printer,kA01O000000e58M
syqbcoaimport,syqbcoaimport,QuickBooks-Chart-of-Accounts-Import,kA01O000000ohYY
syreqind__c,syreqind__c,Purchase-Requisition,kA01O000000ogLI
syresult,syresult,SYRESULT,kA01O000000hOlt
syresultd,syresultd,SYRESULT,kA01O000000hOlt
syscrap__c,syscrap__c,Scrap-Reason-Code,kA01O000000oh2O
syshipviatype__c,syshipviatype__c,Shipping-Methods,kA01O000000ogzy
sysite__c,sysite__c,Site-Master,kA01O000000ogLz
systate__c,systate__c,State-Province,kA01O000000ogLq
syterms__c,syterms__c,Credit-Terms,kA01O000000ogNy
sytxncst__c,sytxncst__c,Inventory-Cost-Transactions,kA01O000000ogOU
syumcf__c,syumcf__c,UOM-Conversion-Factors,kA01O000000ogLm
syuom__c,syuom__c,Unit-of-Measure-Master,kA01O000000ogLj
syusr__c,syusr__c,Manufacturing-Users,kA01O000000ohVZ
syvatclass__c,syvatclass__c,Value-Added-Tax-VAT-Class,kA01O000000ogLi
syvattxn__c,syvattxn__c,Value-Overview,kA01O000000ogaa
tapaytype__c,tapaytype__c,Labor-Pay-Type,kA01O000000ogN4
transactionexport,transactionexport,General-Journal-Export-QuickBooks,kA01O000000ogKH
TranslateToParentCompCurr,TranslateToParentCompCurr,Translate-Data-into-Parent-Company-Currency,kA01O000000oh4F
ttaphdr__c,ttaphdr__c,Payable-Batch-Header,kA01O000000ogjR
UpdateCustAgingAdhocStmts,UpdateCustAgingAdhocStmts,Update-Customer-Aging-and-Ad-Hoc-Statements,kA01O000000oh4c
usageforecast,usageforecast,Item-Usage-Forecast,kA01O000000ogNB
usertimeentry,usertimeentry,User-Time-Entry,kA01O000000ognY
vattxnprocess,vattxnprocess,Value-Overview,kA01O000000ogaa
vendorcrapp,vendorcrapp,Vendor-Credit-Application-Query-Report,kA01O000000oh4b
wccptypln,wccptypln,Work-Center-Capacity-Planning-Workbench,kA01O000000ohF3
wcoperassignment,wcoperassignment,Operation-Assignment-by-Work-Center,kA01O000000ogMw
wctrdsptch,wctrdsptch,Work-Center-Dispatch-List,kA01O000000ogqD
WHTCertWB,WHTCertWB,Generate-Print-Withholding-Tax-WHT-Certificates,kA01O000000e53b
WHTReturnWB,WHTReturnWB,Generate-Print-Withholding-Tax-WHT-Returns,kA01O000000e53W
wocst__c,wocst__c,Work-Order-Overview,kA01O000000ogWX
wocstfirm,wocstfirm,Mass-Firm-Work-Orders,kA01O000000ogN8
woissue,woissue,Work-Order-Issue,kA01O000000ogWk
woissuer,woissuer,Work-Order-Issue-Reversal,kA01O000000ogWb
woorddmd__c,woorddmd__c,Work-Order-Component-Detail,kA01O000000ogX7
woorddmdcst__c,woorddmdcst__c,Work-Order-Component-Detail,kA01O000000ogX7
woordop__c,woordop__c,Work-Order-Operation,kA01O000000ogXA
woordopact__c,woordopact__c,Work-Order-Operation-Actual,kA01O000000ogX6
woordsrl__c,woordsrl__c,Work-Order-Serial-Master,kA01O000000ogXM
wopcst__c,wopcst__c,Work-Order-Operation-Cost,kA01O000000ogXL
wopicklist,wopicklist,Work-Order-Picklist,kA01O000000ogXS
woploc__c,woploc__c,Work-Order-Operation-Location,kA01O000000ogXI
wopsch__c,wopsch__c,Work-Order-Operation-Schedule,kA01O000000ogXK
wopwip__c,wopwip__c,Work-Order-Operation-WIP,kA01O000000ogXH
woreceipt,woreceipt,Work-Order-Receipt,kA01O000000ogWg
woreceiptr,woreceiptr,Work-Order-Receipt-Reversal,kA01O000000ogWc
workorders,workorders,Consolidated-Work-Order-Picklist,kA01O000000e57O
woscheduling,woscheduling,Work-Order-Scheduling,kA01O000000ogLe
wotraveler,wotraveler,Work-Order-Traveler,kA01O000000ogXG
paymentOffsetProcessing,paymentOffsetProcessing,,ka03p000000kJT0AAM