NAME,RSTK__HELPURL1__C,RSTK__PAGEKEY__C
ShopFloorTimeEntryTrans,time-and-qty-booking.pdf,ShopFloorTimeEntryTrans
poagh__c,purchase-order-price-discount-logic.pdf,poagh__c
soconpbill__c,recurring-billing.pdf,soconpbill__c
glrsn__c,reason-codes-1.pdf,glrsn__c
glfstmplt1__c,define-financial-statement-templates.pdf,glfstmplt1__c
MonthlyCheckRegister,check-register-by-period.pdf,MonthlyCheckRegister
crato__c,sales-order-entry.pdf,crato__c
glcmp__c,financial-company-master.pdf,glcmp__c
finstmttmpltest,test-report-templates-for-completeness.pdf,finstmttmpltest
ChkRegisterSinglePaymentBatch,check-register-for-single-payment-session.pdf,ChkRegisterSinglePaymentBatch
SalesOrder,sales-order-entry.pdf,SalesOrder
PeriodicPaymentRegister,all-payment-types-register.pdf,PeriodicPaymentRegister
wocst__c,work-orders.pdf,wocst__c
lwocst__c,labor-work-orders.pdf,lwocst__c
woissue,wo-issue.pdf,woissue
woissuer,wo-issue-reversal.pdf,woissuer
usertimeentry,user-time-entry.pdf,usertimeentry
woorddmdcst__c,wo-component-detail.pdf,woorddmdcst__c
woorddmd__c,wo-components.pdf,woorddmd__c
woordopact__c,wo-operation-actual.pdf,woordopact__c
woordop__c,wo-operation.pdf,woordop__c
woordsrl__c,wo-serial.pdf,woordsrl__c
wopcst__c,wo-operation-cost.pdf,wopcst__c
wopicklist,wo-picklist.pdf,wopicklist
woploc__c,wo-operation-location.pdf,woploc__c
wopsch__c,wo-operation-schedule.pdf,wopsch__c
wccptypln,work-center-capacity-planning-workbench.pdf,wccptypln
woscheduling,work-order-scheduling.pdf,woscheduling
wctrdsptch,work-center-dispatch-list.pdf,wctrdsptch
wcoperassignment,operation-assignment-by-work-center.pdf,wcoperassignment
wopwip__c,wo-operation-wip.pdf,wopwip__c
woreceipt,wo-receipt.pdf,woreceipt
woreceiptr,wo-receipt-reversal.pdf,woreceiptr
wotraveler,wo-traveler.pdf,wotraveler
clockonandoff,time-and-qty-booking.pdf,clockonandoff
sf_rstkSystem,rootstock-ticket-system.pdf,sf_rstkSystem
syusr__c,manufacturing-users.pdf,syusr__c
ClockOnToJob,time-and-qty-booking.pdf,ClockOnToJob
ClockOffOfJob,time-and-qty-booking.pdf,ClockOffOfJob
iclocitemqtyveri,qty-reconcile.pdf,iclocitemqtyveri
rs_icixr,icixr.pdf,rs_icixr
rs_soline,so-line.pdf,rs_soline
rs_icitemsiteproj,icitemsiteproj.pdf,rs_icitemsiteproj
rs_drplog,drp-log.pdf,rs_drplog
rs_objpagesetup,obj-page-setup.pdf,rs_objpagesetup
rs_menu,site-map-menu-bar.pdf,rs_menu
rs_ttaphdr,payable-batch-header.pdf,rs_ttaphdr
rs_porcptap,po-receipt-txn.pdf,rs_porcptap
rs_joblog,job-logs.pdf,rs_joblog
rs_podmd,subcontract-demands.pdf,rs_podmd
rs_sylimit,sylimits.pdf,rs_sylimit
rs_syresultd,syresultd.pdf,rs_syresultd
rs_socontract,csg-contract.pdf,rs_socontract
rs_supDmdReqAnalysisAndRepair,icixr-analysis-and-repair.pdf,rs_supDmdReqAnalysisAndRepair
ictransreqlist,planned-location-transfer-query.pdf,ictransreqlist
icreplenishprocessrequest,drp-processing.pdf,icreplenishprocessrequest
icreplenish__c,drp-location-replenishment-maintenance.pdf,icreplenish__c
createpackingslip,transfer-request-packing-slip.pdf,createpackingslip
createplannedtransferpicklist,planned-transfer-picklist.pdf,createplannedtransferpicklist
usageforecast,item-usage-forecast.pdf,usageforecast
icfcstdmd__c,forecast-demand.pdf,icfcstdmd__c
icitemacc__c,inventory-item-accounts.pdf,icitemacc__c
icitemproj__c,inventory-by-item-project.pdf,icitemproj__c
icitemsrl__c,inventory-by-serial-number.pdf,icitemsrl__c
icitemlot__c,inventory-by-lot-number.pdf,icitemlot__c
icitemfifoseq__c,fifo-cost-record.pdf,icitemfifoseq__c
icitem__c,inventory-item-master.pdf,icitem__c
icitemcst__c,inventory-item-average-cost-quantity.pdf,icitemcst__c
icsrllink__c,item-serial-manual-link.pdf,icsrllink__c
icitemstd__c,inventory-item-standard-costs.pdf,icitemstd__c
icitmusag__c,item-usage-history.pdf,icitmusag__c
icshrtlist,shortage-report.pdf,icshrtlist
icmrprsch,mrp-action-message-search.pdf,icmrprsch
icdhr__c,device-history-record.pdf,icdhr__c
icreqfirm,inventory-requisition-workbench.pdf,icreqfirm
icreq__c,inventory-requisitions.pdf,icreq__c
icjobcode__c,job-code-maintenance.pdf,icjobcode__c
invoiceshippersindiv,create-invoice-for-all-shippers.pdf,invoiceshippersindiv
socccd__c,customer-product-group-discount.pdf,socccd__c
socclass__c,customer-class.pdf,socclass__c
soagh__c,customer-agreements.pdf,soagh__c
soccpd__c,customer-class-product-discount.pdf,soccpd__c
socntl__c,so-control.pdf,socntl__c
socomm__c,product-groups.pdf,socomm__c
socompp__c,component-price-maint.pdf,socompp__c
socondev__c,contract-covered-serialized-devices.pdf,socondev__c
transactionexport,general-journal-export.pdf,transactionexport
soconpbbatch__c,recurring-billing-batch-review.pdf,soconpbbatch__c
socontract__c,sales-contract-maintenance.pdf,socontract__c
socontainer__c,so-container.pdf,socontainer__c
socontype__c,container-type.pdf,socontype__c
socustgateway__c,so-prepayments-using-gateways-to-service-providers.pdf,socustgateway__c
soservice__c,service-items.pdf,soservice__c
sobol__c,bill-of-lading.pdf,sobol__c
soctt__c,contract-terms-template.pdf,soctt__c
socustmsa__c,customer-msa.pdf,socustmsa__c
sf_soentryhv,sales-order-entry-hv.pdf,sf_soentryhv
soline__c,sales-order-line.pdf,soline__c
somsa__c,master-services-agreement.pdf,somsa__c
sopack__c,packing-slip.pdf,sopack__c
socreditrelease,credit-release.pdf,socreditrelease
socust__c,customers.pdf,socust__c
soentcal__c,entitlement-calendar.pdf,soentcal__c
sofrtcalc__c,freight-calculations.pdf,sofrtcalc__c
sogateway__c,so-prepayments-using-gateways-to-service-providers.pdf,sogateway__c
soibatch__c,sales-invoice-batch.pdf,soibatch__c
soinv__c,so-invoice.pdf,soinv__c
soorddmd__c,so-kit-components.pdf,soorddmd__c
sootype__c,sales-order-type.pdf,sootype__c
sopbk__c,price-books.pdf,sopbk__c
sopickh__c,so-picklist-header.pdf,sopickh__c
sopc__c,customer-product.pdf,sopc__c
soppy__c,sales-order-prepayment.pdf,soppy__c
soprod__c,products.pdf,soprod__c
soreason__c,reason-codes.pdf,soreason__c
soregion__c,sales-region.pdf,soregion__c
sormastat__c,rma-status.pdf,sormastat__c
sormh__c,rma-returned-material.pdf,sormh__c
sosales__c,salesperson.pdf,sosales__c
sowarr__c,shipped-item-warranty.pdf,sowarr__c
sozone__c,shipping-zone.pdf,sozone__c
salescommission,sales-commission.pdf,salescommission
soship__c,so-shipper.pdf,soship__c
soapi__c,soapi.pdf,soapi__c
somsac__c,template-msa-clause.pdf,somsac__c
sydata__c,sydata.pdf,sydata__c
sydatat__c,sydatat.pdf,sydatat__c
sydatad__c,sydatad.pdf,sydatad__c
poloader__c,poloader.pdf,poloader__c
processlog__c,process-log.pdf,processlog__c
sotax__c,tax-locations.pdf,sotax__c
soustat__c,user-status.pdf,soustat__c
sowarrtype__c,warranty-types.pdf,sowarrtype__c
stocklocadd,inventory-location-add.pdf,stocklocadd
stocklocadj2,inventory-location-adjust.pdf,stocklocadj2
stocklocadj2_inventoryunitcostadjust,inventory-unit-cost-adjust.pdf,stocklocadj2_inventoryunitcostadjust
indentedbom2,indented-bom.pdf,indentedbom2
indentedbom2_costedbom,costed-bom.pdf,indentedbom2_costedbom
laborclockinout,time-and-qty-booking.pdf,laborclockinout
laborqtybookingreversal,time-and-quantity-booking-reversal.pdf,laborqtybookingreversal
inventoryvaluationbydate,inventory-valuation-by-date.pdf,inventoryvaluationbydate
mrp,mrp-launch.pdf,mrp
netchange__c,net-change.pdf,netchange__c
obship__c,outbound-shipment.pdf,obship__c
pebomqry,engineering-bom-query-edit.pdf,pebomqry
pebom__c,engineering-bom-master.pdf,pebom__c
pecoh__c,eco-master.pdf,pecoh__c
iclocitem__c,inventory-by-location.pdf,iclocitem__c
pecor__c,eco-reason.pdf,pecor__c
pedisadd__c,consumable-components.pdf,pedisadd__c
obshipcont__c,outbound-shipment-container.pdf,obshipcont__c
peitemrev__c,engineering-revisions.pdf,peitemrev__c
peitem__c,engineering-item-master.pdf,peitem__c
pjprojcst__c,project-budget-cost.pdf,pjprojcst__c
pjstatus__c,project-status.pdf,pjstatus__c
pjproj__c,project-master.pdf,pjproj__c
pjwkb__c,project-workbench.pdf,pjwkb__c
poapmatch,po-ap-match.pdf,poapmatch
bomcopy,engineering-bom-copy.pdf,bomcopy
bommassadd,engineering-bom-mass-add.pdf,bommassadd
pebomreplace,engineering-bom-mass-replace.pdf,pebomreplace
c2g__codageneralledgeraccount__c,gl-general-ledger-accounts.pdf,c2g__codageneralledgeraccount__c
confgroup__c,configuration-group.pdf,confgroup__c
confsel__c,configuration-selection.pdf,confsel__c
confcomp__c,selection-component.pdf,confcomp__c
confexcl__c,selection-exclusion.pdf,confexcl__c
confreq__c,selection-requirement.pdf,confreq__c
confrec__c,selection-recommendation.pdf,confrec__c
confsess__c,product-configurator.pdf,confsess__c
workorders,consolidated-work-order-picklist.pdf,workorders
csttransqry,cost-transaction-query.pdf,csttransqry
csacctcntl__c,cost-accounting-control-record.pdf,csacctcntl__c
csusracctcntl__c,cost-accounting-user-control-record.pdf,csusracctcntl__c
employee__c,employees.pdf,employee__c
fastforecastentry,forecast-fast-entry.pdf,fastforecastentry
generaterecurringbillingexecution,generate-recurring-billing.pdf,generaterecurringbillingexecution
ibrtetype__c,inbound-shipment-route-type.pdf,ibrtetype__c
icixr__c,mrp-requirements.pdf,icixr__c
ibconttype__c,inbound-shipment-container-type.pdf,ibconttype__c
ibroute__c,inbound-shipment-route.pdf,ibroute__c
ibship__c,inbound-shipment.pdf,ibship__c
ibshipcont__c,inbound-shipment-container.pdf,ibshipcont__c
iccomcod__c,inventory-commodity-code.pdf,iccomcod__c
icinvrecon__c,inventory-reconciliation.pdf,icinvrecon__c
icinvreconb__c,inventory-reconciliation-review-and-processing.pdf,icinvreconb__c
ictransreq__c,planned-location-transfer-maintenance.pdf,ictransreq__c
purchordauth,po-authorization.pdf,purchordauth
pocntl__c,po-control-record.pdf,pocntl__c
poconttype__c,container-type.pdf,poconttype__c
pocomcod__c,po-commodity-code.pdf,pocomcod__c
pohdr__c,purchase-order-entry.pdf,pohdr__c
poline__c,purchase-order-line.pdf,poline__c
poitemvend__c,item-vendor-master.pdf,poitemvend__c
poitem__c,purchase-item-master.pdf,poitem__c
poitemcst__c,purchase-item-cost.pdf,poitemcst__c
poroute__c,inbound-shipment-route.pdf,poroute__c
portetype__c,inbound-shipment-route-type.pdf,portetype__c
poship__c,inbound-shipment.pdf,poship__c
povclass__c,vendor-class.pdf,povclass__c
printtemplatemapping__c,print-template-mapping.pdf,printtemplatemapping__c
stdsetcosts_posetmtlcost,derive-purchase-mtl-costs-from-po-activity.pdf,stdsetcosts_posetmtlcost
stdsetcosts_icsetmtlsimcost,set-sim-purch-price-from-po-derived-cost.pdf,stdsetcosts_icsetmtlsimcost
stdsetcosts_costrollup,generate-apply-simulated-rollup-costs.pdf,stdsetcosts_costrollup
stdsetcosts_cssimstdmove,set-standard-costs-from-simulated.pdf,stdsetcosts_cssimstdmove
poreceipt,purchase-order-receipts.pdf,poreceipt
poreceiptr,po-receipt-reversal.pdf,poreceiptr
poreq__c,purchase-requisition.pdf,poreq__c
povend__c,vendor-master.pdf,povend__c
purgecosttransaction,purge-cost-transactions.pdf,purgecosttransaction
purgesystemtransactions,purge-system-transactions.pdf,purgesystemtransactions
openpobarcode,open-po-lines-with-bar-code.pdf,openpobarcode
qbexportverify,verify-cost-transaction-export.pdf,qbexportverify
qbsoinvoiceexport,sales-order-invoice-export.pdf,qbsoinvoiceexport
qbsytxncstexport,cost-transaction-export.pdf,qbsytxncstexport
stocklocdivsitemove,division-to-division-transfer.pdf,stocklocdivsitemove
stocklocdivsitemove_invsitesite,site-to-site-transfer.pdf,stocklocdivsitemove_invsitesite
stocklocmove,location-to-location-transfer.pdf,stocklocmove
stocklocprojmove,project-to-project-transfer.pdf,stocklocprojmove
supdmdrev_summbyitem,summary-review-by-item.pdf,supdmdrev_summbyitem
syacc__c,sub-ledger-accounts.pdf,syacc__c
syapcntl__c,po-ap-control.pdf,syapcntl__c
syauth__c,authorizers.pdf,syauth__c
sycarrier__c,carriers.pdf,sycarrier__c
sycmp__c,company-master.pdf,sycmp__c
sycurr__c,currency-master.pdf,sycurr__c
sydimovr__c,dimension-source-override.pdf,sydimovr__c
sydivaddr__c,division-address.pdf,sydivaddr__c
sydiv__c,division-master.pdf,sydiv__c
syfob__c,fob-codes.pdf,syfob__c
syfrghtrm__c,freight-terms.pdf,syfrghtrm__c
sylocid__c,inventory-location-ids.pdf,sylocid__c
sylocnum__c,inventory-location-numbers.pdf,sylocnum__c
syodc__c,odc-code-maintenance.pdf,syodc__c
syordnumassign__c,order-number-assign.pdf,syordnumassign__c
syorg__c,organizational-depts.pdf,syorg__c
syqbcoaimport,chart-of-accounts-import.pdf,syqbcoaimport
syscrap__c,scrap-reason-codes.pdf,syscrap__c
supdmdrev_detailbyitem,detailed-review-by-item.pdf,supdmdrev_detailbyitem
syshipviatype__c,shipping-methods.pdf,syshipviatype__c
sysite__c,site-master.pdf,sysite__c
systate__c,state-province.pdf,systate__c
syconfig__c,system-configuration.pdf,syconfig__c
sycountry__c,company-master.pdf,sycountry__c
sycustom__c,system-custom-configuration.pdf,sycustom__c
sydefault__c,system-defaults.pdf,sydefault__c
syterms__c,credit-terms.pdf,syterms__c
sytxncst__c,inventory-cost-transactions.pdf,sytxncst__c
syumcf__c,uom-conversion-factors.pdf,syumcf__c
syuom__c,unit-of-measure-master.pdf,syuom__c
syvatclass__c,vat-class.pdf,syvatclass__c
sf_user,employees.pdf,sf_user
tapaytype__c,labor-pay-type.pdf,tapaytype__c
wocstfirm,mass-firm-work-orders.pdf,wocstfirm
gljeh__c,journal-header.pdf,gljeh__c
qbpayableinvoiceexport,payable-invoice-export.pdf,qbpayableinvoiceexport
rtdept__c,manufacturing-departments.pdf,rtdept__c
rtlabgrd__c,manufacturing-labor-grades.pdf,rtlabgrd__c
rtmach__c,manufacturing-machine-master.pdf,rtmach__c
rtproc__c,manufacturing-processes.pdf,rtproc__c
rtrouthdr__c,routing-master.pdf,rtrouthdr__c
rtroutoper__c,routing-operations.pdf,rtroutoper__c
rtindoper__c,independent-operations.pdf,rtindoper__c
rtwcgroup__c,work-center-group.pdf,rtwcgroup__c
labreason__c,labor-reason.pdf,labreason__c
rtwctr__c,manufacturing-work-center.pdf,rtwctr__c
salescontractdevdealmgmt,sales-contract-device-deal-management.pdf,salescontractdevdealmgmt
salescontractdevtransfer,sales-contract-device-transfer.pdf,salescontractdevtransfer
salesorderworkbench,so-fulfillment.pdf,salesorderworkbench
sopreselection,so-fulfillment-pre-selection.pdf,sopreselection
soamort__c,so-line-amortization-schedules.pdf,soamort__c
salesorderamortizationprocess,so-line-amortization-processing.pdf,salesorderamortizationprocess
shopcal__c,shop-calendar.pdf,shopcal__c
soccccd__c,customer-class-product-group-discount.pdf,soccccd__c
apcntl__c,ap-control.pdf,apcntl__c
sohdr__c,sales-order-entry.pdf,sohdr__c
glproj__c,financial-project-master.pdf,glproj__c
gldiv__c,financial-division-master.pdf,gldiv__c
glbankacct__c,bank-account.pdf,glbankacct__c
arcntl__c,ar-control.pdf,arcntl__c
glapcc__c,credit-card-account.pdf,glapcc__c
povendcmpno__c,vendor-company.pdf,povendcmpno__c
InitializeCompAndUsrs,initialize-companies-and-users.pdf,InitializeCompAndUsrs
syforexschedno__c,foreign-exchange-rate-schedule.pdf,syforexschedno__c
povclasscmpno__c,vendor-class-company.pdf,povclasscmpno__c
glacct__c,gl-accounts-chart-of-accounts.pdf,glacct__c
glyear__c,fiscal-year.pdf,glyear__c
gljestdid__c,journal-entry-standard-id.pdf,gljestdid__c
glusr__c,financial-system-user.pdf,glusr__c
glusrcmp__c,financial-system-user-company.pdf,glusrcmp__c
glaybud__c,financial-budget.pdf,glaybud__c
drplog__c,drp-log.pdf,drplog__c
featcat__c,feature-category.pdf,featcat__c
icinvrecon__c,physical-inventory-reconciliation.pdf,icinvrecon__c
icixr__c,requirements.pdf,icixr__c
menu__c,menu.pdf,menu__c
netchange__c,netchange.pdf,netchange__c
objpagesetup__c,object-page-setup.pdf,objpagesetup__c
poloader__c,po-loader.pdf,poloader__c
porcptap__c,po-receipt-transaction.pdf,porcptap__c
processlog__c,zz-processlog.pdf,processlog__c
soapi__c,sales-order-api.pdf,soapi__c
socustgateway__c,customer-payment-gateway.pdf,socustgateway__c
sofrtcalc__c,freight-calculations.pdf,sofrtcalc__c
sogateway__c,sales-order-payment-gateway.pdf,sogateway__c
soline__c,sales-order-line.pdf,soline__c
sydata__c,sydata-system-transaction-object.pdf,sydata__c
sydatad__c,system-transaction-object-detail.pdf,sydatad__c
sydatat__c,sydatat.pdf,sydatat__c
syprinter__c,print-by-email-printer.pdf,syprinter__c
syreqind__c,indirect-requisition.pdf,syreqind__c
ttaphdr__c,invoice-header.pdf,ttaphdr__c
