NAME,RSTK__PAGEKEY__C,RSTK__HELPURL1__C
ShopFloorTimeEntryTrans,ShopFloorTimeEntryTrans,Shop-Floor-Time-Entry-Transactions
gljed__c,gljed__c,General-Journal-Details
gljetemplth__c,gljetemplth__c,Journal-Entry-Templates
gljh__c,gljh__c,General-Journal-Entries
gljhListView,gljhListView,General-Journal-Workbench
gljhprint,gljhprint,Print-General-Journal-Entries
AP1099,AP1099,1099-Generate-and-Print-User-Guide
ap1099__c,ap1099__c,List
apagingreport,apagingreport,AP-Aging-Report
apapplic__c,apapplic__c,Payable-Application-Transaction-Query
APBatchTransfer,APBatchTransfer,Post-by-Session
APGroupTransfer,APGroupTransfer,Post-by-Transaction
apinvh__c,apinvh__c,Payable-Session
apinvtxn__c,apinvtxn__c,Payable-Transaction
APProcess,APProcess,Change-Payment-Method
apVoucherReport,apVoucherReport,Payable-Edit-List
aragingreport,aragingreport,AR-Aging-Report
arcashh__c,arcashh__c,Cash-Receipts-Winter-19
arcashh2,arcashh2,Cash-Receipts-Winter-19
ardebitcreditmemoregister,ardebitcreditmemoregister,AR-Debit-Credit-Memo-Register
arinvh__c,arinvh__c,Receivable-Session
glStmtListView,glStmtListView,Adjusting-Statement-Entries
gltxn__c,gltxn__c,GL-Transactions
gltxnInquiry,gltxnInquiry,GL-Transaction-Inquiry
gltxnsummary,gltxnsummary,Create-Transaction-Summary
gltype,gltype,GL-Type
OpenItemApplication,OpenItemApplication,Open-Item-Application
paysession__c,paysession__c,Payment-Selection
periodAndJEChecklistProcess,periodAndJEChecklistProcess,Convert-JE-Templates-to-JEs-for-a-Period
POagreement,POagreement,Purchase-Order-Agreement
postingsSummaryReport,postingsSummaryReport,Postings-Summary-Report
quickCashReceipts,quickCashReceipts,Quick-Cash-Receipts-User-Guide
statementbuilder,statementbuilder,Perform-Financial-Report-Data-Roll-up
statementmaint,statementmaint,Display-Print-Export-Purge-Financial-Reports
statementrun,statementrun,Prepare-Financial-Reports
UpdateCustAgingAdhocStmts,UpdateCustAgingAdhocStmts,Update-Customer-Aging-and-Ad-Hoc-Statements
vattxnprocess,vattxnprocess,Value-Overview
vendorcrapp,vendorcrapp,Vendor-Credit-Application-Query-Report
arinvoiceandmassreview,arinvoiceandmassreview,AR-Invoice-and-Memo-Review-and-Mass-Post
arinvtxn__c,arinvtxn__c,Receivable-Transaction
ARNonCashTransfer,ARNonCashTransfer,AR-Non-Cash-Transfers
arsalesinvoicereview,arsalesinvoicereview,Sales-Invoice-Review-and-Mass-Post
arstatandfincharges,arstatandfincharges,Customer-Statements-and-Finance-Charges
buildgltxnplrate,buildgltxnplrate,Translate-Data-into-Parent-Company-Currency
cashreceiptsjournal,cashreceiptsjournal,Cash-Receipts-Journal
CashReqirementsReport,CashReqirementsReport,Cash-Requirements-Report
clonechartofaccounts,clonechartofaccounts,Clone-Chart-of-Accounts
GlbankacctReconcile,GlbankacctReconcile,Bank-Reconciliation
glcloseProcessor,glcloseProcessor,Period-Close
glfstmplt6,glfstmplt6,External-Data-for-Financial-Reports-Entry-Maint
glfstmplt7,glfstmplt7,Reporting-Account-Group-Entry-Maintenance
gljd__c,gljd__c,General-Journal-Header
dwocst,dwocst,Disassembly-Work-Orders
poagh__c,poagh__c,Purchase-Order-Agreement
soconpbill__c,soconpbill__c,Contract-Periodic-Billing-Review
CycleCountReport,CycleCountReport,Cycle-Count-Report
inspord,inspord,Inspection-Order
insptempl,insptempl,Inspection-Order-Template
poissue,poissue,Subcontract-Purchase-Order-Component-Issue
poissuer,poissuer,Subcontract-Purchase-Order-Issue-Reversal
inspord__c,inspord__c,Inspection-Order
insptempl__c,insptempl__c,Inspection-Order-Template
glrsn__c,glrsn__c,Reason-Codes
glfstmplt1__c,glfstmplt1__c,Define-Financial-Statement-Templates
MonthlyCheckRegister,MonthlyCheckRegister,Check-Register-by-Period
crato__c,crato__c,Cash-Receipts-Journal
glcmp__c,glcmp__c,Financial-Company-Master
finstmttmpltest,finstmttmpltest,Test-Report-Templates-for-Completeness
ChkRegisterSinglePaymentBatch,ChkRegisterSinglePaymentBatch,Check-Register-for-Single-Payment-Session
PeriodicPaymentRegister,PeriodicPaymentRegister,All-Payment-Types-Register
wocst__c,wocst__c,Work-Order-Overview
lwocst__c,lwocst__c,Labor-Only-Work-Orders
woissue,woissue,Work-Order-Issue
woissuer,woissuer,Work-Order-Issue-Reversal
usertimeentry,usertimeentry,User-Time-Entry
woorddmdcst__c,woorddmdcst__c,Work-Order-Component-Detail
woorddmd__c,woorddmd__c,Work-Order-Component-Detail
woordopact__c,woordopact__c,Work-Order-Operation-Actual
woordop__c,woordop__c,Work-Order-Operation
woordsrl__c,woordsrl__c,Work-Order-Serial-Master
wopcst__c,wopcst__c,Work-Order-Operation-Cost
wopicklist,wopicklist,Work-Order-Picklist
woploc__c,woploc__c,Work-Order-Operation-Location
wopsch__c,wopsch__c,Work-Order-Operation-Schedule
wccptypln,wccptypln,Work-Center-Capacity-Planning-Workbench
woscheduling,woscheduling,Work-Order-Scheduling
wctrdsptch,wctrdsptch,Work-Center-Dispatch-List
wcoperassignment,wcoperassignment,Operation-Assignment-by-Work-Center
wopwip__c,wopwip__c,Work-Order-Operation-WIP
woreceipt,woreceipt,Work-Order-Receipt
woreceiptr,woreceiptr,Work-Order-Receipt-Reversal
wotraveler,wotraveler,Work-Order-Traveler
clockonandoff,clockonandoff,Clock-On-and-Clock-Off
syusr__c,syusr__c,Manufacturing-Users
ClockOnToJob,ClockOnToJob,Clock-On-and-Clock-Off
ClockOffOfJob,ClockOffOfJob,Clock-On-and-Clock-Off
rs_iclocitemqtyveri,rs_iclocitemqtyveri,Qty-Reconcile
rs_icixr,rs_icixr,Requirements-ICIXR
rs_soline,rs_soline,Sales-Order-Line
rs_icitemsiteproj,rs_icitemsiteproj,Inventory-By-Item-Site-Project
rs_drplog,rs_drplog,DRP-Log
rs_objpagesetup,rs_objpagesetup,Object-Page-Setup-Override
rs_menu,rs_menu,Menu
rs_ttaphdr,rs_ttaphdr,Payable-Batch-Header
rs_porcptap,rs_porcptap,Purchase-Order-Receipts
rs_joblog,rs_joblog,Requirements-ICIXR
rs_podmd,rs_podmd,Subcontract-Purchase-Order-Component-Demand-Processing
rs_sylimit,rs_sylimit,SYLIMITS-SYLIMITS
rs_syresultd,rs_syresultd,SYRESULT
rs_socontract,rs_socontract,Sales-Contracts-Overview
supDmdReqAnalysisAndRepair,rs_supDmdReqAnalysisAndRepair,ICIXR-Analysis-and-Repair
ictransreqlist,ictransreqlist,Planned-Location-Transfer-Query
icreplenishprocessrequest,icreplenishprocessrequest,DRP-Processing
icreplenish__c,icreplenish__c,DRP-Location-Replenishment-Maintenance
createpackingslip,createpackingslip,Transfer-Request-Packing-Slip
createplannedtransferpicklist,createplannedtransferpicklist,Planned-Transfer-Picklist
usageforecast,usageforecast,Item-Usage-Forecast
icfcstdmd__c,icfcstdmd__c,Forecast-Demand
icitemacc__c,icitemacc__c,Inventory-Item-Accounts
icitemproj__c,icitemproj__c,Inventory-by-Item-Project
icitemsrl__c,icitemsrl__c,Inventory-by-Serial-Number
icitemlot__c,icitemlot__c,Inventory-By-Lot-Number
icitemfifoseq__c,icitemfifoseq__c,FIFO-Cost-Record
icitem__c,icitem__c,Inventory-Item-Master
icitemcst__c,icitemcst__c,Inventory-Item-Average-Cost-Quantity
icsrllink__c,icsrllink__c,Item-Serial-Manual-Link
icitemstd__c,icitemstd__c,Inventory-Item-Standard-Costs
icitmusag__c,icitmusag__c,Item-Usage-History
icshrtlist,icshrtlist,Shortage-Report
icmrprsch,icmrprsch,MRP-Action-Message-Search
icdhr__c,icdhr__c,Device-History-Record
icreqfirm,icreqfirm,Inventory-Requisition-Workbench
icreq__c,icreq__c,Inventory-Requisitions
icjobcode__c,icjobcode__c,Job-Code-Maintenance
invoiceshippersindiv,invoiceshippersindiv,Create-Invoice-for-All-Shippers
socccd__c,socccd__c,Customer-Product-Group-Discounts
socclass__c,socclass__c,Customer-Class
soagh__c,soagh__c,Customer-Agreements
soccpd__c,soccpd__c,Customer-Class-Product-Discounts
socntl__c,socntl__c,Sales-Order-Control
socomm__c,socomm__c,Product-Groups
socompp__c,socompp__c,Component-Price-Maint
socondev__c,socondev__c,Contract-Covered-Serialized-Devices
transactionexport,transactionexport,General-Journal-Export-QuickBooks
soconpbbatch__c,soconpbbatch__c,Recurring-Billing-Batch-Review
socontract__c,socontract__c,Sales-Contract-Maintenance
socontainer__c,socontainer__c,SO-Container
socontype__c,socontype__c,Container-Type
socustgateway__c,socustgateway__c,Customer-Payment-Gateway
soservice__c,soservice__c,Service-Items
sobol__c,sobol__c,Bill-of-Lading
soctt__c,soctt__c,Contract-Terms-Template
socustmsa__c,socustmsa__c,Customer-MSA
Salesorder_isstandalone,sf_soentryhv,Sales-Entry
soline__c,soline__c,Sales-Order-Line
somsa__c,somsa__c,Master-Services-Agreement
sopack__c,sopack__c,Packing-Slip
socreditrelease,socreditrelease,Credit-Release
socust__c,socust__c,Customers
soentcal__c,soentcal__c,Product-Master-Entitlement-Detail-Tab
sofrtcalc__c,sofrtcalc__c,Freight-Calculations
sogateway__c,sogateway__c,SO-Payment-Processing-Using-Service-Provider-Gateway
soibatch__c,soibatch__c,Sales-Invoice-Batch
soinv__c,soinv__c,SO-Invoice
soorddmd__c,soorddmd__c,Sales-Entry
sootype__c,sootype__c,Sales-Order-Type
sopbk__c,sopbk__c,Price-Books
sopickh__c,sopickh__c,SO-Picklist-Header
sopc__c,sopc__c,Customer-Product
soppy__c,soppy__c,SO-Prepayments
soprod__c,soprod__c,Products
soreason__c,soreason__c,Sales-Order-Reason-Codes
soregion__c,soregion__c,Sales-Region
sormastat__c,sormastat__c,RMA-Status
sormh__c,sormh__c,RMA-Overview
sosales__c,sosales__c,Salesperson
sowarr__c,sowarr__c,Shipped-Item-Warranty
sozone__c,sozone__c,Shipping-Zone
salescommission,salescommission,Sales-Commission
soship__c,soship__c,SO-Shipper
soapi__c,soapi__c,SOAPI
somsac__c,somsac__c,Template-MSA-Clause
sydata__c,sydata__c,SYDATA-Overview
sydatat__c,sydatat__c,SYDATA-Overview
sydatad__c,sydatad__c,SYDATA-Overview
poloader__c,poloader__c,POLOADER
processlog__c,processlog__c,Process-Log
sotax__c,sotax__c,Tax-Locations
soustat__c,soustat__c,User-Status
sowarrtype__c,sowarrtype__c,Warranty-Types
stocklocadd,stocklocadd,Inventory-Location-Add
stocklocadj2,stocklocadj2,Inventory-Location-Adjust
stocklocadj2_inventoryunitcostadjust,stocklocadj2_inventoryunitcostadjust,Inventory-Unit-Cost-Adjust
indentedbom2,indentedbom2,Indented-BOM
indentedbom2_costedbom,indentedbom2_costedbom,Costed-BOM
laborclockinout,laborclockinout,Time-and-Qty-Booking
laborqtybookingreversal,laborqtybookingreversal,Time-and-Qty-Booking-Reversal
inventoryvaluationbydate,inventoryvaluationbydate,Inventory-Valuation-by-Date
mrp,mrp,MRP-Launch-new-format
netchange__c,netchange__c,MRP-DRP-Net-Change
obship__c,obship__c,Outbound-Shipment
pebomqry,pebomqry,Engineering-BOM-Query-Edit
pebom__c,pebom__c,Engineering-BOM-Master
pecoh__c,pecoh__c,ECO-Master-Concept-ECO-and-Processing
iclocitem__c,iclocitem__c,Inventory-by-Location
pecor__c,pecor__c,ECO-Reasons
pedisadd__c,pedisadd__c,Consumable-Components
obshipcont__c,obshipcont__c,Outbound-Shipment-Container
peitemrev__c,peitemrev__c,Engineering-Revisions
peitem__c,peitem__c,Engineering-Item-Master
pjprojcst__c,pjprojcst__c,Project-Budget-Cost
pjstatus__c,pjstatus__c,Project-Status
pjproj__c,pjproj__c,Project-Master
pjwkb__c,pjwkb__c,Project-Workbench
poapmatch,poapmatch,PO-AP-Match
bomcopy,bomcopy,Engineering-BOM-Copy
bommassadd,bommassadd,Engineering-BOM-Mass-Add
pebomreplace,pebomreplace,Engineering-BOM-Mass-Replace
c2g__codageneralledgeraccount__c,c2g__codageneralledgeraccount__c,GL-Accounts-Chart-of-Accounts
confgroup__c,confgroup__c,Configuration-Group
confsel__c,confsel__c,Configuration-Selection
confcomp__c,confcomp__c,Configuration-Selection-Component
confexcl__c,confexcl__c,Configuration-Selection-Exclusions-Requirements-Recommendations
confreq__c,confreq__c,Configuration-Selection-Exclusions-Requirements-Recommendations
confrec__c,confrec__c,Configuration-Selection-Exclusions-Requirements-Recommendations
confsess__c,confsess__c,Product-Configurator-Overview-and-Terminology
workorders,workorders,Consolidated-Work-Order-Picklist
csttransqry,csttransqry,Cost-Transaction-Query
csacctcntl__c,csacctcntl__c,Cost-Accounting-Control-Record
csusracctcntl__c,csusracctcntl__c,Cost-Accounting-User-Control-Record
employee__c,employee__c,Employees
fastforecastentry,fastforecastentry,Forecast-Fast-Entry
generaterecurringbillingexecution,generaterecurringbillingexecution,Generate-Recurring-Billing
ibrtetype__c,ibrtetype__c,Inbound-Shipment-Route-Type
icixr__c,icixr__c,Requirements-ICIXR
ibconttype__c,ibconttype__c,Inbound-Shipment-Container-Type
ibroute__c,ibroute__c,Inbound-Shipment-Route
ibship__c,ibship__c,Inbound-Shipment-New-draft
ibshipcont__c,ibshipcont__c,Inbound-Shipment-Container-Type
iccomcod__c,iccomcod__c,Inventory-Commodity-Code
icinvrecon__c,icinvrecon__c,Inventory-Reconciliation
icinvreconb__c,icinvreconb__c,Inventory-Reconciliation-Review-and-Processing
ictransreq__c,ictransreq__c,Planned-Location-Transfer-Maintenance
purchordauth,purchordauth,PO-Authorization
pocntl__c,pocntl__c,PO-Control-Record
poconttype__c,poconttype__c,Container-Type
pocomcod__c,pocomcod__c,PO-Commodity-Code
pohdr__c,pohdr__c,Purchase-Order-Overview
poline__c,poline__c,Purchase-Order-Line
poitemvend__c,poitemvend__c,Item-Vendor-Master
poitem__c,poitem__c,Purchase-Item-Master
poitemcst__c,poitemcst__c,Purchase-Item-Cost
poroute__c,poroute__c,Inbound-Route
portetype__c,portetype__c,Inbound-Shipment-Route-Type
poship__c,poship__c,Inbound-Shipment-New-draft
povclass__c,povclass__c,Vendor-Class
printtemplatemapping__c,printtemplatemapping__c,Print-Template
stdsetcosts_posetmtlcost,stdsetcosts_posetmtlcost,Derive-Purchase-Mtl-Costs-from-PO-Activity
stdsetcosts_icsetmtlsimcost,stdsetcosts_icsetmtlsimcost,Set-Sim-Purchase-Price-From-PO-Derived-Costs
stdsetcosts_costrollup,stdsetcosts_costrollup,Generate-Apply-Simulated-Rollup-Costs
stdsetcosts_cssimstdmove,stdsetcosts_cssimstdmove,Set-Standard-Costs-from-Simulated
poreceipt,poreceipt,Purchase-Order-Receipts
poreceiptr,poreceiptr,Purchase-Order-Receipt-Reversals
poreq__c,poreq__c,Purchase-Requisition
povend__c,povend__c,Vendor-Master
purgecosttransaction,purgecosttransaction,Purge-Cost-Transactions
purgesystemtransactions,purgesystemtransactions,Purge-System-Transactions
openpobarcode,openpobarcode,Open-Purchase-Order-Lines-with-Bar-Code
qbexportverify,qbexportverify,QuickBooks-Cost-Transaction-Export-Verification
qbsoinvoiceexport,qbsoinvoiceexport,QuickBooks-Sales-Invoice-Export
qbsytxncstexport,qbsytxncstexport,Quickbooks-Cost-Transaction-Export
stocklocdivsitemove,stocklocdivsitemove,Division-to-Division-Transfer
stocklocdivsitemove_invsitesite,stocklocdivsitemove_invsitesite,Site-to-Site-Transfer
stocklocmove,stocklocmove,Location-to-Location-Transfer
stocklocprojmove,stocklocprojmove,Project-to-Project-Transfer
supdmdrev_summbyitem,supdmdrev_summbyitem,Summary-Review-by-Item
syacc__c,syacc__c,Sub-Ledger-Accounts-Pt-1
syapcntl__c,syapcntl__c,PO-AP-Control
syauth__c,syauth__c,Authorizers
sycarrier__c,sycarrier__c,Carriers
sycmp__c,sycmp__c,Company-Master
sycurr__c,sycurr__c,Currency-Master
sydimovr__c,sydimovr__c,Dimension-Source-Override
sydivaddr__c,sydivaddr__c,Division-Address
sydiv__c,sydiv__c,Division-Master
syfob__c,syfob__c,FOB-Codes
syfrghtrm__c,syfrghtrm__c,Freight-Terms
sylocid__c,sylocid__c,Inventory-Location-IDs
sylocnum__c,sylocnum__c,Inventory-Location-Numbers
syodc__c,syodc__c,ODC-Code-Maintenance
syordnumassign__c,syordnumassign__c,Order-Number-Assign
syorg__c,syorg__c,Organizational-Depts
syqbcoaimport,syqbcoaimport,QuickBooks-Chart-of-Accounts-Import
syscrap__c,syscrap__c,Scrap-Reason-Code
supdmdrev_detailbyitem,supdmdrev_detailbyitem,Detailed-Review-by-Item
syshipviatype__c,syshipviatype__c,Shipping-Methods
sysite__c,sysite__c,Site-Master
systate__c,systate__c,State-Province
syconfig__c,syconfig__c,Rootstock-System-Configuration
sycountry__c,sycountry__c,Country-Master
sycustom__c,sycustom__c,System-Custom-Configuration
sydefault__c,sydefault__c,System-Defaults-v2
syterms__c,syterms__c,Credit-Terms
sytxncst__c,sytxncst__c,Inventory-Cost-Transactions
syumcf__c,syumcf__c,UOM-Conversion-Factors
syuom__c,syuom__c,Unit-of-Measure-Master
syvatclass__c,syvatclass__c,Value-Added-Tax-VAT-Class
sf_user,sf_user,Employees
tapaytype__c,tapaytype__c,Labor-Pay-Type
wocstfirm,wocstfirm,Mass-Firm-Work-Orders
gljeh__c,gljeh__c,General-Journal-Header
qbpayableinvoiceexport,qbpayableinvoiceexport,Payable-Invoice-Export-QuickBooks
rtdept__c,rtdept__c,Manufacturing-Department
rtlabgrd__c,rtlabgrd__c,Manufacturing-Labor-Grades
rtmach__c,rtmach__c,Manufacturing-Machine-Master
rtproc__c,rtproc__c,Manufacturing-Processes
rtrouthdr__c,rtrouthdr__c,Routing-Master
rtroutoper__c,rtroutoper__c,Routing-Operations
rtindoper__c,rtindoper__c,Independent-Operations
rtwcgroup__c,rtwcgroup__c,Work-Center-Group
labreason__c,labreason__c,Labor-Reasons
rtwctr__c,rtwctr__c,Manufacturing-Work-Center
salescontractdevdealmgmt,salescontractdevdealmgmt,Sales-Contract-Device-Deal-Management
salescontractdevtransfer,salescontractdevtransfer,Sales-Contract-Device-Transfer
salesorderworkbench,salesorderworkbench,Sales-Order-Fulfillment
sopreselection,sopreselection,Sales-Order-Fulfillment-Pre-Selection
soamort__c,soamort__c,Sales-Order-Line-Amortization-Schedule
salesorderamortizationprocess,salesorderamortizationprocess,Sales-Order-Line-Amortization-Processing
shopcal__c,shopcal__c,Shop-Calendar
soccccd__c,soccccd__c,Customer-Class-Product-Group-Discounts
apcntl__c,apcntl__c,AP-Control
sohdr__c,sohdr__c,Sales-Entry
glproj__c,glproj__c,Financial-Project-Master
gldiv__c,gldiv__c,Financial-Division-Master
glbankacct__c,glbankacct__c,Bank-Account
arcntl__c,arcntl__c,AR-Control
glapcc__c,glapcc__c,Credit-Card-Account
povendcmpno__c,povendcmpno__c,Vendor-Company
InitializeCompAndUsrs,InitializeCompAndUsrs,Initialize-Companies-and-Users
syforexschedno__c,syforexschedno__c,Foreign-Exchange-Rate-Schedule
povclasscmpno__c,povclasscmpno__c,Vendor-Class-Company
glacct__c,glacct__c,GL-Accounts-Chart-of-Accounts
glyear__c,glyear__c,Fiscal-Year
gljestdid__c,gljestdid__c,Journal-Entry-Standard-ID
glusr__c,glusr__c,Financial-System-User
glusrcmp__c,glusrcmp__c,Financial-System-User-Company
glaybud__c,glaybud__c,Financial-Budget
drplog__c,drplog__c,DRP-Log
syreqind__c,syreqind__c,Purchase-Requisition
ttaphdr__c,ttaphdr__c,Payable-Invoice-Export-QuickBooks
porcptap__c,porcptap__c,PO-Receipt-Transactions
syprinter__c,syprinter__c,Print-by-Email-Printer
featcat__c,featcat__c,Features-Features
objpagesetup__c,objpagesetup__c,Object-Page-Setup-Override
menu__c,menu__c,Menu
pjprojwbs__c,pjprojwbs__c,Project-Charge-Codes
invreconcautogen,invreconcautogen,Inventory-Reconciliation-Automatic-Generation
icitemsiteproj__c,icitemsiteproj__c,Inventory-By-Item-Site-Project
socustcmpno__c,socustcmpno__c,Customer-Company
PurgeWorkOrders,PurgeWorkOrders,Work-Order-Purge
popurge,popurge,Purchase-Order-Purge
purgesalesorders,purgesalesorders,Sales-Order-Purge
podmd__c,podmd__c,Subcontract-Purchase-Order-Component-Demand-Processing
apwht__c,apwht__c,Withholding Tax Class
WHTCertWB,WHTCertWB,WHT Certificate Workbench
WHTReturnWB,WHTReturnWB,WHT Return Workbench
TranslateToParentCompCurr,TranslateToParentCompCurr,Translate Data into Parent Company Currency
gltxndimconsolidate,gltxndimconsolidate,GLTXNDIM Consolidation
syvattxn__c,syvattxn__c,VAT Transactions