"NAME","ROOTSTOCK__ACTIVE__C","ROOTSTOCK__ALLOW_OVERRIDE__C","ROOTSTOCK__CRITERIA__C","ROOTSTOCK__DESCRIPTION__C","ROOTSTOCK__GRID_RULE__C","ROOTSTOCK__OBJECT_TYPE__C","ROOTSTOCK__PRIORITY__C","ROOTSTOCK__UNIQUE_KEY__C","ROOTSTOCK__VERSION__C"
"Agree Pro Price by Dt & Qty - New & Edit","true","false","true","Executed when creating a new record or editing an existing one.","false","rstk__soagptq__c","0.0","Agree_Pro_Price_by_Dt_Qty_New_Edit","2.41"
"Agreement Pro Price by Date - New & Edit","true","false","true","Executed when creating a new record or editing an existing one.","false","rstk__soagpt__c","0.0","Agreement_Pro_Price_by_Date_New_Edit","2.41"
"Agreement Volume Discount - New & Edit","true","false","true","Executed when creating a new record or editing an existing one.","false","rstk__soaghvd__c","0.0","Agreement_Volume_Discount_New_Edit","2.41"
"Bill of Lading - New & Edit","true","false","true","Executed when creating a new Bill of Lading or editing an existing one.","false","rstk__sobol__c","0.0","Bill_of_Lading_New_Edit","2.41"
"Bill of Lading Cont Details - New & Edit","true","false","true","Executed when creating a new Bill of Lading Container Detail or editing an existing one","false","rstk__sobolc__c","0.0","Bill_of_Lading_Cont_Details_New_Edit","2.41"
"Bill of Lading Ship Details - New & Edit","true","false","true","Executed when creating a new Bill of Lading Shipper Detail or editing an existing one","false","rstk__sobols__c","0.0","Bill_of_Lading_Ship_Details_New_Edit","2.41"
"Carrier Code - New & Edit","true","false","true","Executed when creating a new record or editing an existing one","false","rstk__sycarrier__c","0.0","Carrier_Code_New_Edit","2.41"
"Clock Into Job Transaction - New & Edit","true","false","true","Executed when creating a new Clock Into Job Transaction record or editing an existing one.","false","rstk__taclockon__c","0.0","Clock_Into_Job_Transaction_New_Edit","2.41"
"Clock Off Job Transaction - New & Edit","true","false","true","Executed when creating a new Clock Off Job Transaction record or editing an existing one.","false","rstk__taclockoff__c","0.0","Clock_Off_Job_Transaction_New_Edit","2.41"
"Company Master - New & Edit","true","false","true","Executed when creating a new Company Master record or editing an existing one.","false","rstk__sycmp__c","0.0","Company_Master_New_Edit","2.41"
"Component Pricing - New & Edit","true","false","true","Executed when creating a new component or editing an existing one.","false","rstk__socompp__c","0.0","Component_Pricing_New_Edit","2.41"
"Configuration Group - New & Edit","true","false","true","Executed when creating a new record or editing an existing one.","false","rstk__confgroup__c","0.0","Configuration_Group_New_Edit","2.41"
"Configuration Selection - New & Edit","true","false","true","Executed when creating a new Configuration Selection Exclusions or editing an existing one.","false","rstk__confsel__c","0.0","Configuration_Selection_New_Edit","2.41"
"Configuration Selection Com - New & Edit","true","false","true","Executed when creating a new Configuration Selection Components or editing an existing one.","false","rstk__confcomp__c","0.0","Configuration_Selection_Com_New_Edit","2.41"
"Configuration Selection Exc - New & Edit","true","false","true","Executed when creating a new Configuration Selection Exclusions or editing an existing one.","false","rstk__confexcl__c","0.0","Configuration_Selection_Exc_New_Edit","2.41"
"Configuration Selection Rec - New & Edit","true","false","true","Executed when creating a new Configuration Selection Exclusions or editing an existing one.","false","rstk__confrec__c","0.0","Configuration_Selection_Rec_New_Edit","2.41"
"Configuration Selection Req - New & Edit","true","false","true","Executed when creating a new Configuration Selection Exclusions or editing an existing one.","false","rstk__confreq__c","0.0","Configuration_Selection_Req_New_Edit","2.41"
"Container Type - New & Edit","true","false","true","Executed when creating a new record or editing an existing one.","false","rstk__socontype__c","0.0","Container_Type_New_Edit","2.41"
"Cost Accounting Control Rec - New & Edit","true","false","true","Executed when creating a new component or editing an existing one.","false","rstk__csacctcntl__c","0.0","Cost_Accounting_Control_Rec_New_Edit","2.41"
"Cost Acct User Control Reco - New & Edit","true","false","true","Executed when creating a new component or editing an existing one.","false","rstk__csusracctcntl__c","0.0","Cost_Acct_User_Control_Reco_New_Edit","2.41"
"Currency Master - New & Edit","true","false","true","Set Currency Master Details","false","rstk__sycurr__c","0.0","Currency_Master_New_Edit","2.41"
"Currency Master Alt Ex Rate - New & Edit","true","false","true","Executed when creating a new record or editing an existing one.","false","rstk__sycurralt__c","0.0","Currency_Master_Alt_Ex_Rate_New_Edit","2.41"
"Cust Class Prod Disc by Qty - New & Edit","true","false","true","Executed when creating a new record or editing an existing one.","false","rstk__soccpdd__c","0.0","Cust_Class_Prod_Disc_by_Qty_New_Edit","2.41"
"Cust Cls Prod Grp Disc Qty - New & Edit","true","false","true","Executed when creating a new record or editing an existing one.","false","rstk__soccccdd__c","0.0","Cust_Cls_Prod_Grp_Disc_Qty_New_Edit","2.41"
"Cust Prod Discount by Qty - New & Edit","true","false","true","Executed when creating  new record or deleting an existing one.","false","rstk__sopcd__c","0.0","Cust_Prod_Discount_by_Qty_New_Edit","2.41"
"Customer Address - New & Edit","true","false","true","Executed when creating a new record or editing an existing one.","false","rstk__socaddr__c","0.0","Customer_Address_New_Edit","2.41"
"Customer Agreement - New & Edit","true","false","true","Executed when creating a new customer agreement or editing an existing one.","false","rstk__soagh__c","0.0","Customer_Agreement_New_Edit","2.41"
"Customer Carrier - New & Edit","true","false","true","Executed when creating a new Customer Carrier or editing an existing one.","false","rstk__socustcarr__c","0.0","Customer_Carrier_New_Edit","2.41"
"Customer Class - New & Edit","true","false","true","Executed when creating a new Customer Class or editing an existing one.","false","rstk__socclass__c","0.0","Customer_Class_New_Edit","2.41"
"Customer Class Product Disc - New & Edit","true","false","true","Executed when creating a new record or editing an existing one.","false","rstk__soccpd__c","0.0","Customer_Class_Product_Disc_New_Edit","2.41"
"Customer Cls Prod Grp Disc - New & Edit","true","false","true","Executed when creating a new record or editing an existing one.","false","rstk__soccccd__c","0.0","Customer_Cls_Prod_Grp_Disc_New_Edit","2.41"
"Customer Contacts - New & Edit","true","false","true","Executed when creating a new Customer Contacts or editing an existing one.","false","rstk__socontact__c","0.0","Customer_Contacts_New_Edit","2.41"
"Customer Master - New & Edit","true","false","true","Executed when creating a new Customer Master or editing an existing one.","false","rstk__socust__c","0.0","Customer_Master_New_Edit","2.41"
"Customer Payment Gateway - New & Edit","true","false","true","Executed when creating a new Customer Payment Gateway or editing an existing one.","false","rstk__socustgateway__c","0.0","Customer_Payment_Gateway_New_Edit","2.41"
"Customer Paymt Gateway Tok - New & Edit","true","false","true","Executed when creating a new Customer Payment Gateway Token or editing an existing one.","false","rstk__socusttoken__c","0.0","Customer_Paymt_Gateway_Tok_New_Edit","2.41"
"Customer Prod Price by Date - New & Edit","true","false","true","Executed when creating  new record or deleting an existing one.","false","rstk__sopct__c","0.0","Customer_Prod_Price_by_Date_New_Edit","2.41"
"Customer Product - New & Edit","true","false","true","Executed when creating a new Sales Order Customer Product or editing an existing one.","false","rstk__sopc__c","0.0","Customer_Product_New_Edit","2.41"
"Customer Product Config - New & Edit","true","false","true","Executed when creating a newCustomer Product Configuration Group or editing an existing one.","false","rstk__sopcconfgroupp__c","0.0","Customer_Product_Config_New_Edit","2.41"
"Customer Product Group Disc - New & Edit","true","false","true","Executed when creating a new record or editing an existing one.","false","rstk__socccd__c","0.0","Customer_Product_Group_Disc_New_Edit","2.41"
"Customer Salesperson - New & Edit","true","false","true","Executed when creating a new Customer Salesperson or editing an existing one.","false","rstk__socsales__c","0.0","Customer_Salesperson_New_Edit","2.41"
"Customer Service Item Price - New & Edit","true","false","true","Executed when creating a new record or editing an existing one.","false","rstk__socservice_c","0.0","Customer_Service_Item_Price_New_Edit","2.41"
"Custs Prod Group Dis by Qty - New & Edit","true","false","true","Executed when creating a new record or editing an existing one.","false","rstk__socccdd__c","0.0","Custs_Prod_Group_Dis_by_Qty_New_Edit","2.41"
"Device Association History - New & Edit","true","false","true","Executed when creating  new record or deleting an existing one.","false","rstk__sowarrhist__c","0.0","Device_Association_History_New_Edit","2.41"
"Dimension Source Override - New & Edit","true","false","true","Executed when creating  new record or deleting an existing one.","false","rstk__sydimovr__c","0.0","Dimension_Source_Override_New_Edit","2.41"
"Dimension Value Master - New & Edit","true","false","true","Executed when creating a new Dimension Value Master record or editing an existing one.","false","rstk__sydim__c","0.0","Dimension_Value_Master_New_Edit","2.41"
"Division Address - New & Edit","true","false","true","Executed when creating a new component or editing an existing one.","false","rstk__sydivaddr__c","0.0","Division_Address_New_Edit","2.41"
"Division Master - New & Edit","true","false","true","Executed when creating a new division master or editing an existing one.","false","rstk__sydiv__c","0.0","Division_Master_New_Edit","2.41"
"ECO Master Detail - New & Edit","true","false","true","Executed when creating a new record or editing an existing one.","false","rstk__pecoi__c","0.0","ECO_Master_Detail_New_Edit","2.41"
"ECO Master Header - New & Edit","true","false","true","Executed when creating a new Bill of Lading or editing an existing one.","false","rstk__pecoh__c","0.0","ECO_Master_Header_New_Edit","2.41"
"ECO Reason Codes - New & Edit","true","false","true","Executed when creating  new record or deleting an existing one.","false","rstk__pecor__c","0.0","ECO_Reason_Codes_New_Edit","2.41"
"Engineering Item Revision - New & Edit","true","false","true","Executed when creating a new Configuration Selection Components or editing an existing one.","false","rstk__peitemrev__c","0.0","Engineering_Item_Revision_New_Edit","2.41"
"FOB Codes - New & Edit","true","false","true","Executed when creating a new record or editing an existing one.","false","rstk__syfob__c","0.0","FOB_Codes_New_Edit","2.41"
"Forecast Demand - New & Edit","true","false","true","Executed when creating  new record or deleting an existing one.","false","rstk__icfcstdmd__c","0.0","Forecast_Demand_New_Edit","2.41"
"Freight Cal by Weight Range - New & Edit","true","false","true","Executed when creating a new record or editing an  existing one.","false","rstk__sofrtcalcw__c","0.0","Freight_Cal_by_Weight_Range_New_Edit","2.41"
"Freight Calculations - New & Edit","true","false","true","Executed when creating a new record or editing an existing one.","false","rstk__sofrtcalc__c","0.0","Freight_Calculations_New_Edit","2.41"
"Freight Term Code - New & Edit","true","false","true","Executed when creating a new record or editing an existing one.","false","rstk__syfrghtrm__c","0.0","Freight_Term_Code_New_Edit","2.41"
"Inbound Ship Cont Contents New & Edit","true","false","true","Executed when creating a new record or editing an existing one.","false","rstk__ibshipcontdtl__c","0.0","Inbound_Ship_Cont_Contents_New_Edit","2.41"
"Inbound Ship Container Type New & Edit","true","false","true","Executed when creating a new record or editing an existing one.","false","rstk__ibconttype__c","0.0","Inbound_Ship_Container_Type_New_Edit","2.41"
"Inbound Shipment Container - New & Edit","true","false","true","Executed when creating new record or deleting an existing one.","false","rstk__ibshipcont__c","0.0","Inbound_Shipment_Container_New_Edit","2.41"
"Inbound Shipment Master - New & Edit","true","false","true","Executed when creating a new record or editing an existing one","false","rstk__ibship__c","0.0","Inbound_Shipment_Master_New_Edit","2.41"
"Inbound Shipment Route Mast - New & Edit","true","false","true","Executed when creating a new Inbound Shipment Route Master or editing an existing one.","false","rstk__ibroute__c","0.0","Inbound_Shipment_Route_Mast_New_Edit","2.41"
"Inbound Shipment Route Steps -New & Edit","true","false","true","Executed when creating a new Inbound Shipment Route Steps or editing an existing one.","false","rstk__ibroutestep__c","0.0","Inbound_Shipment_Route_Steps_New_Edit","2.41"
"Inbound Shipment Route Typ -  New & Edit","true","false","true","Executed when creating a new record or editing an  existing one.","false","rstk__ibrtetype__c","0.0","Inbound_Shipment_Route_Typ_New_Edit","2.41"
"Inbound Shipment Step - New & Edit","true","false","true","Executed when creating a new record or editing an existing one","false","rstk__ibshipstep__c","0.0","Inbound_Shipment_Step_New_Edit","2.41"
"Independent Operation - New & Edit","true","false","true","Executed when creating  new record or deleting an existing one.","false","rstk__rtindoper__c","0.0","Independent_Operation_New_Edit","2.41"
"Independent Operation Mater - New & Edit","true","false","true","Executed when creating  new record or deleting an existing one.","false","rstk__rtindoperitem__c","0.0","Independent_Operation_Mater_New_Edit","2.41"
"Independent Operation Tasks - New & Edit","true","false","true","Executed when creating  new record or deleting an existing one.","false","rstk__rtindopertask__c","0.0","Independent_Operation_Tasks_New_Edit","2.41"
"Indirect Requisition - New & Edit","true","false","true","Executed when creating  new record or deleting an existing one.","false","rstk__syreqind__c","0.0","Indirect_Requisition_New_Edit","2.41"
"Inspection Order - New & Edit","true","false","true","Executed when creating  new record or deleting an existing one.","false","rstk__inspord__c","0.0","Inspection_Order_New_Edit","2.41"
"Inspection Order - View","true","false","record.Id != null","Executed on viewing a inspection order.","false","rstk__inspord__c","0.0","Inspection_Order_View","2.41"
"Inspection Order Serial Det - New & Edit","true","false","true","Executed when creating  new record or deleting an existing one.","false","rstk__inspordsr__c","0.0","Inspection_Order_Serial_Det_New_Edit","2.41"
"Inspection Order Steps - New & Edit","true","false","true","Executed when creating  new record or deleting an existing one.","false","rstk__inspordstep__c","0.0","Inspection_Order_Steps_New_Edit","2.41"
"Inter Customer Relationship - New & Edit","true","false","true","Executed when creating a new Inter - Customer Relationships or editing an existing one.","false","rstk__socustcust__c","0.0","Inter_Customer_Relationship_New_Edit","2.41"
"Inv by Item/Site/Project - New & Edit","true","false","true","Executed when creating a new Inventory Item Master or editing an existing one.","false","rstk__icitemsiteproj__c","0.0","Inv_by_Item_Site_Project_New_Edit","2.41"
"Inv Line Acc Distribution - New & Edit","true","false","true","Executed when creating a new Inv Line Account Distribution or editing an existing one.","false","rstk__soinvlinedist__c","0.0","Inv_Line_Acc_Distribution_New_Edit","2.41"
"Inv Line COS Redistribution  New & Edit","true","false","true","Executed when creating a new Inv Line COS Redistribution or editing an existing one.","false","rstk__soinvlinecos__c","0.0","Inv_Line_COS_Redistribution_New_Edit","2.41"
"Inventory by Location - New & Edit","true","false","true","Executed when creating a new record or editing an existing one.","false","rstk__iclocitem__c","0.0","Inventory_by_Location_New_Edit","2.41"
"Inventory by Lot Num Featur - New & Edit","true","false","true","Executed when creating a new Inventory Item Master or editing an existing one.","false","rstk__icitemlotfeat__c","0.0","Inventory_by_Lot_Num_Featur_New_Edit","2.41"
"Inventory By Lot Number - New & Edit","true","false","true","Executed when creating a new Inventory Item Master or editing an existing one.","false","rstk__icitemlot__c","0.0","Inventory_By_Lot_Number_New_Edit","2.41"
"Inventory by Serial Num Fea - New & Edit","true","false","true","Executed when creating a new Inventory Item Master or editing an existing one.","false","rstk__icitemsrlfeat__c","0.0","Inventory_by_Serial_Num_Fea_New_Edit","2.41"
"Inventory By Serial Number - New & Edit","true","false","true","Executed when creating a new Inventory Item Master or editing an existing one.","false","rstk__icitemsrl__c","0.0","Inventory_By_Serial_Number_New_Edit","2.41"
"Inventory Commodity Accounts- New & Edit","true","false","true","Executed when creating a new component or editing an existing one.","false","rstk__iccomcodacc__c","0.0","Inventory_Commodity_Accounts_New_Edit","2.41"
"Inventory Commodity Code - New & Edit","true","false","true","Executed when creating a new component or editing an existing one.","false","rstk__iccomcod__c","0.0","Inventory_Commodity_Code_New_Edit","2.41"
"Inventory Container - New & Edit","true","false","true","Executed when creating a new Inventory Container or editing an existing one.","false","rstk__iccontainer__c","0.0","Inventory_Container_New_Edit","2.41"
"Inventory Item Account - New & Edit","true","false","true","Executed when creating a new Inventory Item Account or editing an existing one.","false","rstk__icitemacc__c","0.0","Inventory_Item_Account_New_Edit","2.41"
"Inventory Item by Site - New & Edit","true","false","true","Executed when creating a new Inventory Item Master or editing an existing one.","false","rstk__icitemsite__c","0.0","Inventory_Item_by_Site_New_Edit","2.41"
"Inventory Item Master - New & Edit","true","false","true","Executed when creating a new Inventory Item Master or editing an existing one.","false","rstk__icitem__c","0.0","Inventory_Item_Master_New_Edit","2.41"
"Inventory Item Std Costs - New & Edit","true","false","true","Executed when creating a new Inventory Item Master or editing an existing one.","false","rstk__icitemstd__c","0.0","Inventory_Item_Std_Costs_New_Edit","2.41"
"Inventory Location ID - New & Edit","true","false","true","Executed when creating a new record or editing an existing one.","false","rstk__sylocid__c","0.0","Inventory_Location_ID_New_Edit","2.41"
"Inventory Requisitions - New & Edit","true","false","true","Executed when creating  new record or deleting an existing one.","false","rstk__icreq__c","0.0","Inventory_Requisitions_New_Edit","2.41"
"Invoice Line Salesperson - Grid","true","true","true","Invoice Line Salesperson - Grid","true","rstk__soisales__c","0.0","Invoice_Line_Salesperson_Grid","2.41"
"Item Serial Change History - New & Edit","true","false","true","Executed when creating a new Item Serial Change History or editing an existing one.","false","rstk__icitemsrlhist__c","0.0","Item_Serial_Change_History_New_Edit","2.41"
"Item Vendor Approver Mfr - New & Edit","true","false","true","Executed when creating a new record or editing an existing one.","false","rstk__povendmfr__c","0.0","Item_Vendor_Approver_Mfr_New_Edit","2.41"
"Item Vendor Master - New & Edit","true","false","true","Executed when creating a new record or editing an existing one.","false","rstk__poitemvend__c","0.0","Item_Vendor_Master_New_Edit","2.41"
"Job Code Master - New & Edit","true","false","ISNEW() || ISEDIT()","Job Code Master","false","rstk__icjobcod__c","0.0","Job_Code_Master_New_Edit","2.41"
"Labor Pay Type - New & Edit","true","false","true","Executed when creating a new record or editing an existing one","false","rstk__tapaytype__c","0.0","Labor_Pay_Type_New_Edit","2.41"
"Manufacturing Department - New & Edit","true","false","true","Executed when creating  new record or deleting an existing one.","false","rstk__rtdept__c","0.0","Manufacturing_Department_New_Edit","2.41"
"Manufacturing Labor Grades - New & Edit","true","false","true","Executed when creating  new record or deleting an existing one.","false","rstk__rtlabgrd__c","0.0","Manufacturing_Labor_Grades_New_Edit","2.41"
"Manufacturing Machine Maste - New & Edit","true","false","true","Executed when creating  new record or deleting an existing one.","false","rstk__rtmach__c","0.0","Manufacturing_Machine_Maste_New_Edit","2.41"
"Manufacturing Processes - New & Edit","true","false","true","Executed when creating  new record or deleting an existing one.","false","rstk__rtproc__c","0.0","Manufacturing_Processes_New_Edit","2.41"
"Manufacturing Users - New & Edit","true","false","true","Executed when creating a new Manufacturing User or editing an existing one.","false","rstk__syusr__c","0.0","Manufacturing_Users_New_Edit","2.41"
"MRP - New & Edit","true","false","true","Executed when creating a new MRP or editing an existing one.","false","rstk__mrplaunch__c","0.0","MRP_New_Edit","2.41"
"MRP Action Messages - New & Edit","true","false","true","Executed when creating  new record or deleting an existing one.","false","rstk__icmrprsch__c","0.0","MRP_Action_Messages_New_Edit","2.41"
"Mrp Schedule - New & Edit","true","false","true","Executed when creating  new record or deleting an existing one.","false","rstk__mrpsch__c","0.0","Mrp_Schedule_New_Edit","2.41"
"ODC Code Maintenance New & Edit","true","false","true","Executed when creating a new ODC Code Maintenance or editing an existing one.","false","rstk__syodc__c","0.0","ODC_Code_Maintenance_New_Edit","2.41"
"Opportunity Product - Grid","true","true","true","Opportunity Product - Grid","true","OpportunityLineItem","0.0","Opportunity_Product_Grid","2.41"
"Order No Record - New & Edit","true","false","true","Executed when creating a new Record or editing an existing one.","false","rstk__syordnumassign__c","0.0","Order_No_Record_New_Edit","2.41"
"Organizational Department  - New & Edit","true","false","true","Executed when creating a new Organizational Department or editing an existing one.","false","rstk__syorg__c","0.0","Organizational_Department_New_Edit","2.41"
"Packing Slip Line - New & Edit","true","false","true","Executed when creating a new component or editing an existing one.","false","rstk__sopackline__c","0.0","Packing_Slip_Line_New_Edit","2.41"
"Payment Gateway Audit - New & Edit","true","false","true","Executed when editing an existing one.","false","rstk__sogateaud__c","0.0","Payment_Gateway_Audit_New_Edit","2.41"
"PO Agree Commodity Code Det - New & Edit","true","false","true","Executed when creating new record or editing an existing one.","false","rstk__poagc__c","0.0","PO_Agree_Commodity_Code_Det_New_Edit","2.41"
"PO Agree Commodity Code Qty - New & Edit","true","false","true","Executed when creating new record or editing an existing one.","false","rstk__poagcq__c","0.0","PO_Agree_Commodity_Code_Qty_New_Edit","2.41"
"PO Agree Itm Pri by Dt & Qt - New & Edit","true","false","true","Executed when creating a new record or editing an existing one.","false","rstk__poagpdq__c","0.0","PO_Agree_Itm_Pri_by_Dt_Qt_New_Edit","2.41"
"PO Agree Itm Price by Date  - New & Edit","true","false","true","Executed when creating a new record or editing an existing one.","false","rstk__poagpd__c","0.0","PO_Agree_Itm_Price_by_Date_New_Edit","2.41"
"PO Agreement Item Detail - New & Edit","true","false","true","Executed when creating new record or editing an existing one.","false","rstk__poagp__c","0.0","PO_Agreement_Item_Detail_New_Edit","2.41"
"PO Agreement Order Qty Pric - New & Edit","true","false","true","Executed when creating new record or editing an existing one.","false","rstk__poagpq__c","0.0","PO_Agreement_Order_Qty_Pric_New_Edit","2.41"
"PO Commodity Code - New & Edit","true","false","true","Executed when editing or deleting an existing one.","false","rstk__pocomcod__c","0.0","PO_Commodity_Code_New_Edit","2.41"
"PO Control Record New & Edit","true","false","true","Executed when creating a new record or editing an existing one.","false","rstk__pocntl__c","0.0","PO_Control_Record_New_Edit","2.41"
"PO-AP Control - New & Edit","true","false","true","Executed when editing an existing one.","false","rstk__syapcntl__c","0.0","PO_AP_Control_New_Edit","2.41"
"Prepayment Detail - New & Edit","true","false","true","Executed when creating a new Prepayment Detail or editing an existing one.","false","rstk__soppy__c","0.0","Prepayment_Detail_New_Edit","2.41"
"Price Book - New & Edit","true","false","true","Set Price Book Details","false","rstk__sopbk__c","0.0","Price_Book_New_Edit","2.41"
"Product Component - New & Edit","true","false","true","Executed when creating a new Product Component or editing an existing one.","false","rstk__sopcomp__c","0.0","Product_Component_New_Edit","2.41"
"Product Group Master - New & Edit","true","false","true","Executed when creating a new record or editing an existing one/","false","rstk__socomm__c","0.0","Product_Group_Master_New_Edit","2.41"
"Product Inventory Division - New & Edit","true","false","true","Executed when creating a new Product Inventory Division or editing an existing one.","false","rstk__sopdiv__c","0.0","Product_Inventory_Division_New_Edit","2.41"
"Product Inventory Item - New & Edit","true","false","true","Executed when creating a new Product Inventory Item or editing an existing one.","false","rstk__sopicitem__c","0.0","Product_Inventory_Item_New_Edit","2.41"
"Product Price by Date & Qty - New & Edit","true","false","true","Executed when creating a new Product Price by Date and Qty or editing an existing one.","false","rstk__soptq__c","0.0","Product_Price_by_Date_Qty_New_Edit","2.41"
"Product Price by Date - New & Edit","true","false","true","Executed when creating a new Product Price by Date or editing an existing one.","false","rstk__sopt__c","0.0","Product_Price_by_Date_New_Edit","2.41"
"Product Pricing - New & Edit","true","false","true","Executed when creating a new Product Pricing or editing an existing one.","false","rstk__sopq__c","0.0","Product_Pricing_New_Edit","2.41"
"Proj Budget Material Detail - New & Edit","true","false","true","Executed when creating a new record or editing an existing one.","false","rstk__pjwbsmtl__c","0.0","Proj_Budget_Material_Detail_New_Edit","2.41"
"Project Budget Labor Detail - New & Edit","true","false","true","Executed when creating a new record or editing an existing one.","false","rstk__pjwbslab__c","0.0","Project_Budget_Labor_Detail_New_Edit","2.41"
"Project Budget ODC Detail - New & Edit","true","false","true","Executed when creating a new record or editing an existing one.","false","rstk__pjwbsodc__c","0.0","Project_Budget_ODC_Detail_New_Edit","2.41"
"Project Budget/Cost - New & Edit","true","false","true","Executed when editing an existing record","false","rstk__pjprojcst__c","0.0","Project_Budget_Cost_New_Edit","2.41"
"Project Charge Code - New & Edit","true","false","true","Executed when creating  new record or deleting an existing one.","false","rstk__icjobcode__c","0.0","Project_Charge_Code_New_Edit","2.41"
"Project Master - New & Edit","true","false","true","Executed when creating a new component or editing an existing one.","false","rstk__pjproj__c","0.0","Project_Master_New_Edit","2.41"
"Project Status - New & Edit","true","false","true","Executed when creating a new record or editing an existing one.","false","rstk__pjstatus__c","0.0","Project_Status_New_Edit","2.41"
"Purchase Agreement - New & Edit","true","false","true","Executed when creating a new customer agreement or editing an existing one.","false","rstk__poagh__c","0.0","Purchase_Agreement_New_Edit","2.41"
"Purchase Item Cost - New & Edit","true","false","true","Executed when creating a new Bill of Lading Container Detail or editing an existing one","false","rstk__poitemcst__c","0.0","Purchase_Item_Cost_New_Edit","2.41"
"Purchase Order Header - New & Edit","true","false","true","Executed when creating a new Purchase Order Header or editing an existing one.","false","rstk__pohdr__c","0.0","Purchase_Order_Header_New_Edit","2.41"
"Purchase Requisition - New & Edit","true","false","true","Executed when creating  new record or deleting an existing one.","false","rstk__poreq__c","0.0","Purchase_Requisition_New_Edit","2.41"
"Return Materl Authorization - New & Edit","true","false","true","Executed when creating a new Bill of Lading Container Detail or editing an existing one","false","rstk__sormh__c","0.0","Return_Materl_Authorization_New_Edit","2.41"
"RMA Address Override - New & Edit","true","false","true","Executed when creating a new Bill of Lading Container Detail or editing an existing one","false","rstk__sormaaddr__c","0.0","RMA_Address_Override_New_Edit","2.41"
"RMA Detail - New & Edit","true","false","true","Executed when creating a new Bill of Lading Container Detail or editing an existing one","false","rstk__sorma__c","0.0","RMA_Detail_New_Edit","2.41"
"RMA Status - New & Edit","true","false","true","Executed when creating a new record or editing an existing one","false","rstk__sormastat__c","0.0","RMA_Status_New_Edit","2.41"
"Rootstock Product Master - New & Edit","true","false","true","Executed when creating a new Rootstock Product Master or editing an existing one.","false","rstk__soprod__c","0.0","Rootstock_Product_Master_New_Edit","2.41"
"Routing Master - New & Edit","true","false","true","Executed when creating a new Routing Master or editing an existing one.","false","rstk__rtrouthdr__c","0.0","Routing_Master_New_Edit","2.41"
"Routing Operation - New & Edit","true","false","true","Executed when creating  new record or deleting an existing one.","false","rstk__rtroutoper__c","0.0","Routing_Operation_New_Edit","2.41"
"Sales Agmt Prod Grp Qty Pri - New & Edit","true","false","true","Executed when creating a new record or editing an existing one.","false","rstk__soagpcq__c","0.0","Sales_Agmt_Prod_Grp_Qty_Pri_New_Edit","2.41"
"Sales Agmt Product Grp Dtl - New & Edit","true","false","true","Executed when creating a new record or editing n existing one.","false","rstk__soagpc__c","0.0","Sales_Agmt_Product_Grp_Dtl_New_Edit","2.41"
"Sales Order Control - New & Edit","true","false","true","Executed when creating a new Sales Order Control or editing an existing one.","false","rstk__socntl__c","0.0","Sales_Order_Control_New_Edit","2.41"
"Sales Order Header - New & Edit","true","false","ISNEW() || ISEDIT()","Executed when creating a new Sales Order Header or editing an existing one.","false","rstk__sohdr__c","0.0","Sales_Order_Header_New_Edit","2.41"
"Sales Order Header Extensio - New & Edit","true","false","ISNEW() || ISEDIT()","Executed when creating a new Sales Order Header Extension or editing an existing one.","false","rstk__sohdrextn__c","0.0","Sales_Order_Header_Extensio_New_Edit","2.41"
"Sales Order Invoice Batch - New & Edit","true","false","true","Executed when creating a new Bill of Lading Container Detail or editing an existing one","false","rstk__soibatch__c","0.0","Sales_Order_Invoice_Batch_New_Edit","2.41"
"Sales Order Invoice Header - New & Edit","true","false","true","Executed when creating a new Sales Order Line or editing an existing one.","false","rstk__soinv__c","0.0","Sales_Order_Invoice_Header_New_Edit","2.41"
"Sales Order Invoice Line - Grid","true","false","true","Sales Order Invoice Line - Grid","true","rstk__soinvline__c","0.0","Sales_Order_Invoice_Line_Grid","2.41"
"Sales Order Invoice Line - New & Edit","true","false","true","Executed when creating a new Sales Order Invoice Line
 or editing an existing one.","false","rstk__soinvline__c","0.0","Sales_Order_Invoice_Line_New_Edit","2.41"
"Sales Order Line - Grid","true","false","true","Sales Order Line - Grid","true","rstk__soline__c","0.0","Sales_Order_Line_Grid","2.41"
"Sales Order Line - New & Edit","true","false","true","Executed when creating a new Sales Order Line or editing an existing one.","false","rstk__soline__c","0.0","Sales_Order_Line_New_Edit","2.41"
"Sales Order Line Extension - New & Edit","true","false","ISNEW() || ISEDIT()","Executed when creating a new Sales Order Line Extension or editing an existing one.","false","rstk__solineextn__c","0.0","Sales_Order_Line_Extension_New_Edit","2.41"
"Sales Order Override Address -New & Edit","true","false","true","Executed when creating a new Sales Order Override Address record or editing an existing one.","false","rstk__soaddr__c","0.0","Sales_Order_Override_Address_New_Edit","2.41"
"Sales Order Payment Gateway - New & Edit","true","false","true","Executed when creating a new component or editing an existing one.","false","rstk__sogateway__c","0.0","Sales_Order_Payment_Gateway_New_Edit","2.41"
"Sales Order Type -  New & Edit","true","false","true","Executed when creating a new record or editing an  existing one.","false","rstk__sootype__c","0.0","Sales_Order_Type_New_Edit","2.41"
"Sales Region - New & Edit","true","false","true","Executed when creating a new record or editing an existing one.","false","rstk__soregion__c","0.0","Sales_Region_New_Edit","2.41"
"Salesperson - New & Edit","true","false","true","Executed when creating a new record or editing an existing one.","false","rstk__sosales__c","0.0","Salesperson_New_Edit","2.41"
"Salesperson Def by Division - New & Edit","true","false","true","Executed when creating a new component or editing an existing one.","false","rstk__sovsales__c","0.0","Salesperson_Def_by_Division_New_Edit","2.41"
"Scrap Reason Code - New & Edit","true","false","true","Executed when creating a new component or editing an existing one.","false","rstk__syscrap__c","0.0","Scrap_Reason_Code_New_Edit","2.41"
"Service Item - New & Edit","true","false","true","Executed when creating a new record or editing an  existing one.","false","rstk__soservice__c","0.0","Service_Item_New_Edit","2.41"
"Ship Method Type Code - New & Edit","true","false","true","Executed when creating a new record or editing an existing one","false","rstk__syshipviatype__c","0.0","Ship_Method_Type_Code_New_Edit","2.41"
"Shipped Item Warranty - New & Edit","true","false","true","Executed when creating a new Shipped Item Warranty or editing an existing one.","false","rstk__sowarr__c","0.0","Shipped_Item_Warranty_New_Edit","2.41"
"Shipper Header- New & Edit","true","false","true","Executed when creating a new Shipper Header record or editing an existing one.","false","rstk__soship__c","0.0","Shipper_Header_New_Edit","2.41"
"Shipper Line - New & Edit","true","false","true","Executed when creating a new Shipper Line record or editing an existing one.","false","rstk__soshipline__c","0.0","Shipper_Line_New_Edit","2.41"
"Shipping Method by Carrier - New & Edit","true","false","true","Executed when creating a new record or editing an existing one.","false","rstk__socarriervia__c","0.0","Shipping_Method_by_Carrier_New_Edit","2.41"
"Shipping Zone - New & Edit","true","false","true","Executed when creating a new record or editing an existing one.","false","rstk__sozone__c","0.0","Shipping_Zone_New_Edit","2.41"
"Shipping Zone Division Deta - New & Edit","true","false","true","Executed when creating a new record or editing an existing one.","false","rstk__sozonediv__c","0.0","Shipping_Zone_Division_Deta_New_Edit","2.41"
"Shipping Zone Product Group - New & Edit","true","false","true","Executed when creating a new record or editing an existing one.","false","rstk__sozonecomm__c","0.0","Shipping_Zone_Product_Group_New_Edit","2.41"
"Site Master - New & Edit","true","false","true","Executed when creating a new Site Master or editing an existing one.","false","rstk__sysite__c","0.0","Site_Master_New_Edit","2.41"
"SO Agreement Od Qty Pricing - New & Edit","true","false","true","Executed when creating a new record or editing an existing one","false","rstk__soagpq__c","0.0","SO_Agreement_Od_Qty_Pricing_New_Edit","2.41"
"SO Agreement Product Detail - New & Edit","true","false","true","Executed when creating new record","false","rstk__soagp__c","0.0","SO_Agreement_Product_Detail_New_Edit","2.41"
"SO Customer Product Price - New & Edit","true","false","true","Executed when creating  new record or deleting an existing one.","false","rstk__sopcq__c","0.0","SO_Customer_Product_Price_New_Edit","2.41"
"SO Line Amortization Schedu - New & Edit","true","false","true","Executed when creating  new record or deleting an existing one.","false","rstk__soamort__c","0.0","SO_Line_Amortization_Schedu_New_Edit","2.41"
"SO Line Amortization Txns - New & Edit","true","false","true","Executed when creating  new record or deleting an existing one.","false","rstk__soamorttxn__c","0.0","SO_Line_Amortization_Txns_New_Edit","2.41"
"SO Price Book Details - New & Edit","true","false","true","Executed when creating new record or editing an existing one.","false","rstk__sopbkd__c","0.0","SO_Price_Book_Details_New_Edit","2.41"
"SO Reason - New & Edit","true","false","true","Executed when creating a new record or editing an existing one.","false","rstk__soreason__c","0.0","SO_Reason_New_Edit","2.41"
"SO Shipping Container Detail- New & Edit","true","false","true","Executed when creating a new Sales Order Shipping Container Detail record or editing an existing one.","false","rstk__socontainel__c","0.0","SO_Shipping_Container_Detail_New_Edit","2.41"
"SO Shipping Container Header- New & Edit","true","false","true","Executed when creating a new Sales Order Shipping Container Header record or editing an existing one.","false","rstk__socontainer__c","0.0","SO_Shipping_Container_Header_New_Edit","2.41"
"SO Shipping Container Seria - New & Edit","true","false","true","Executed when creating a new Sales Order Shipping Container Serial record or editing an existing one.","false","rstk__socontainser__c","0.0","SO_Shipping_Container_Seria_New_Edit","2.41"
"State/Province - New & Edit","true","false","true","Executed when creating  new record or deleting an existing one.","false","rstk__systate__c","0.0","State_Province_New_Edit","2.41"
"Sub Ledger Account - New & Edit","true","false","true","Executed when creating a new account or editing an existing one.","false","rstk__syacc__c","0.0","Sub_Ledger_Account_New_Edit","2.41"
"Tax Location Accounts - New & Edit","true","false","true","Executed when creating a new record or editing an existing one.","false","rstk__sotaxacct__c","0.0","Tax_Location_Accounts_New_Edit","2.41"
"Tax Location Maintenance - New & Edit","true","false","true","Executed when creating a new record or editing an existing one.","false","rstk__sotax__c","0.0","Tax_Location_Maintenance_New_Edit","2.41"
"Terms Code - New & Edit","true","false","true","Executed when creating a new record or editing an existing one.","false","rstk__syterms__c","0.0","Terms_Code_New_Edit","2.41"
"Unit of Measure - New & Edit","true","false","true","Executed when creating a new Unit of Measure or editing an existing one.","false","rstk__syuom__c","0.0","Unit_of_Measure_New_Edit","2.41"
"UOM Conversion Factors - New & Edit","true","false","true","Executed when creating a new UOM Conversion Factor or editing an existing one.","false","rstk__syumcf__c","0.0","UOM_Conversion_Factors_New_Edit","2.41"
"User Status - New & Edit","true","false","true","Executed when creating a new record or editing an existing one","false","rstk__soustat__c","0.0","User_Status_New_Edit","2.41"
"VAT Class - New & Edit","true","false","true","Executed when creating  new record or deleting an existing one.","false","rstk__syvatclass__c","0.0","VAT_Class_New_Edit","2.41"
"Vendor Address - New & Edit","true","false","true","Executed when creating a new record or editing an existing one","false","rstk__povendpoaddr__c","0.0","Vendor_Address_New_Edit","2.41"
"Vendor Class - New & Edit","true","false","true","Executed when creating a new record or editing n existing one.","false","rstk__povclass__c","0.0","Vendor_Class_New_Edit","2.41"
"Vendor Contact - New & Edit","true","false","true","Executed when creating a new record or editing an existing one","false","rstk__pocontact__c","0.0","Vendor_Contact_New_Edit","2.41"
"Vendor Master - New & Edit","true","false","true","Executed when creating a new Vendor Master or editing an existing one.","false","rstk__povend__c","0.0","Vendor_Master_New_Edit","2.41"
"Warranty Types - New & Edit","true","false","true","Executed when creating a new record or editing an existing one.","false","rstk__sowarrtype__c","0.0","Warranty_Types_New_Edit","2.41"
"WO Component Detail - New & Edit","true","true","ISNEW() || ISEDIT()","Work Order Component Detail rule for New and Edit modes","false","rstk__woorddmdcst__c","0.0","WO_Component_Detail_New_Edit","2.41"
"WO Non-Inventory Comps - Grid","true","false","true","WO Non-Inventory Comps - Grid","true","rstk__woordnic__c","0.0","WO_Non_Inventory_Comps_Grid","2.41"
"WO Operation Actual - New & Edit","true","false","true","Executed when creating  new record or deleting an existing one.","false","rstk__woordopact__c","0.0","WO_Operation_Actual_New_Edit","2.41"
"WO Operation Cost - New & Edit","true","false","true","Executed when creating  new record or deleting an existing one.","false","rstk__wopcst__c","0.0","WO_Operation_Cost_New_Edit","2.41"
"WO Operation Location - New & Edit","true","false","true","Executed when creating  new record or deleting an existing one.","false","rstk__woploc__c","0.0","WO_Operation_Location_New_Edit","2.41"
"WO Operation WIP - New & Edit","true","true","ISNEW() || ISEDIT()","WO Operation WIP - New & Edit","false","rstk__wopwip__c","0.0","WO_Operation_WIP_New_Edit","2.41"
"Work Center Group - New & Edit","true","false","true","Executed when creating  new record or deleting an existing one.","false","rstk__rtwcgroup__c","0.0","Work_Center_Group_New_Edit","2.41"
"Work Center Group Detail - New & Edit","true","false","true","Executed when creating  new record or deleting an existing one.","false","rstk__rtwcgwc__c","0.0","Work_Center_Group_Detail_New_Edit","2.41"
"Work Order - New & Edit","true","false","true","Executed when creating a new work order or editing an existing one.","false","rstk__wocst__c","0.0","Work_Order_New_Edit","2.41"
"Work Order - View","true","false","record.Id != null","Executed on viewing a work order.","false","rstk__wocst__c","0.0","Work_Order_View","2.41"
"Work Order Component - Grid","true","false","true","Rule for Grid","true","rstk__woorddmd__c","0.0","Work_Order_Component_Grid","2.41"
"Work Order Component - New & Edit","true","false","true","Executed when creating a new Work Order Component or editing an existing one.","false","rstk__woorddmd__c","0.0","Work_Order_Component_New_Edit","2.41"
"Work Order Component - View","true","true","record.Id != null","Work Order Component - View","false","rstk__woorddmd__c","0.0","Work_Order_Component_View","2.41"
"Work Order Operation - Grid","true","false","true","Rule for Grid","true","rstk__woordop__c","0.0","Work_Order_Operation_Grid","2.41"
"Work Order Operation - New & Edit","true","false","true","Executed when creating  new record or deleting an existing one.","false","rstk__woordop__c","0.0","Work_Order_Operation_New_Edit","2.41"
"Work Order Operation Tasks - New & Edit","true","false","true","Executed when creating  new record or deleting an existing one.","false","rstk__woopertask__c","0.0","Work_Order_Operation_Tasks_New_Edit","2.41"
"Work Order Serial Master - New & Edit","true","false","true","Executed when creating  new record or deleting an existing one.","false","rstk__woordsrl__c","0.0","Work_Order_Serial_Master_New_Edit","2.41"